TEAM_ID,PLAYER_ID,GP,GS,MIN,FG_PCT,FG3_PCT,FT_PCT,OREB,DREB,REB,AST,STL,BLK,TOV,PF,PTS
1610612737,1631100,20.0,0.0,171.0,0.29,0.256,1.0,2.0,16.0,18.0,5.0,1.0,2.0,8.0,6.0,48.0
1610612737,203992,79.0,33.0,2401.0,0.428,0.374,0.921,53.0,219.0,272.0,247.0,96.0,26.0,112.0,179.0,1333.0
1610612737,1628981,45.0,2.0,682.0,0.583,0.0,0.667,59.0,134.0,193.0,46.0,25.0,28.0,44.0,107.0,282.0
1610612737,203991,73.0,73.0,1883.0,0.571,0.0,0.631,335.0,441.0,776.0,91.0,43.0,106.0,74.0,164.0,836.0
1610612737,1629631,57.0,37.0,1681.0,0.459,0.385,0.847,31.0,191.0,222.0,87.0,40.0,16.0,83.0,146.0,891.0
1610612737,1627749,78.0,78.0,2783.0,0.459,0.363,0.794,62.0,354.0,416.0,502.0,111.0,24.0,201.0,138.0,1753.0
1610612737,1629685,17.0,0.0,108.0,0.5,0.481,0.0,3.0,13.0,16.0,10.0,2.0,0.0,2.0,6.0,43.0
1610612737,1629726,66.0,5.0,992.0,0.456,0.44,0.81,17.0,75.0,92.0,37.0,20.0,8.0,19.0,115.0,325.0
1610612737,1630552,56.0,52.0,1889.0,0.511,0.355,0.728,74.0,414.0,488.0,203.0,67.0,47.0,101.0,133.0,896.0
1610612737,1641723,17.0,0.0,196.0,0.37,0.225,0.5,6.0,27.0,33.0,27.0,7.0,5.0,10.0,20.0,81.0
1610612737,1631243,6.0,0.0,73.0,0.348,0.333,0.833,10.0,12.0,22.0,4.0,5.0,4.0,1.0,13.0,24.0
1610612737,1630168,55.0,8.0,1405.0,0.611,0.333,0.793,145.0,231.0,376.0,74.0,26.0,60.0,45.0,162.0,561.0
1610612737,201988,32.0,5.0,415.0,0.351,0.276,1.0,9.0,26.0,35.0,34.0,20.0,1.0,16.0,32.0,127.0
1610612737,1630180,63.0,51.0,2062.0,0.416,0.316,0.837,167.0,244.0,411.0,92.0,51.0,11.0,54.0,88.0,863.0
1610612737,1641754,9.0,0.0,52.0,0.235,0.231,0.75,1.0,6.0,7.0,0.0,0.0,0.0,1.0,6.0,14.0
1610612737,1629027,54.0,54.0,1942.0,0.43,0.373,0.855,23.0,126.0,149.0,583.0,72.0,11.0,235.0,109.0,1389.0
1610612737,1630235,38.0,0.0,414.0,0.378,0.2,0.765,11.0,40.0,51.0,92.0,11.0,3.0,20.0,25.0,83.0
1610612737,1630249,22.0,14.0,541.0,0.49,0.412,0.833,11.0,41.0,52.0,50.0,13.0,6.0,20.0,48.0,135.0
1610612737,202083,36.0,3.0,413.0,0.351,0.348,0.75,9.0,44.0,53.0,23.0,16.0,11.0,8.0,43.0,110.0
1610612738,201143,65.0,33.0,1740.0,0.511,0.419,0.867,82.0,331.0,413.0,168.0,38.0,62.0,48.0,93.0,562.0
1610612738,1630625,54.0,9.0,1047.0,0.404,0.296,0.783,41.0,137.0,178.0,127.0,33.0,20.0,77.0,64.0,557.0
1610612738,1628401,73.0,73.0,2381.0,0.461,0.396,0.901,51.0,259.0,310.0,377.0,74.0,87.0,112.0,152.0,1107.0
1610612738,1641809,3.0,0.0,23.0,0.667,0.6,0.0,0.0,1.0,1.0,1.0,2.0,0.0,1.0,1.0,11.0
1610612738,1631120,8.0,0.0,39.0,0.417,0.429,0.75,2.0,8.0,10.0,10.0,1.0,1.0,2.0,4.0,16.0
1610612738,1630531,49.0,2.0,507.0,0.399,0.208,0.833,33.0,45.0,78.0,44.0,36.0,15.0,34.0,66.0,163.0
1610612738,1627759,70.0,70.0,2343.0,0.499,0.354,0.703,84.0,303.0,387.0,249.0,83.0,37.0,166.0,185.0,1610.0
1610612738,1628369,74.0,74.0,2645.0,0.471,0.376,0.833,67.0,534.0,601.0,364.0,75.0,43.0,188.0,145.0,1987.0
1610612738,1641775,9.0,1.0,83.0,0.4,0.222,0.5,5.0,15.0,20.0,5.0,5.0,1.0,3.0,11.0,15.0
1610612738,201950,69.0,69.0,2263.0,0.48,0.429,0.833,84.0,289.0,373.0,333.0,61.0,53.0,124.0,108.0,860.0
1610612738,204001,57.0,57.0,1690.0,0.516,0.375,0.858,97.0,312.0,409.0,115.0,42.0,111.0,89.0,156.0,1145.0
1610612738,1630205,38.0,3.0,559.0,0.45,0.304,0.778,36.0,91.0,127.0,28.0,23.0,22.0,24.0,45.0,272.0
1610612738,1628436,63.0,7.0,983.0,0.7,1.0,0.907,118.0,143.0,261.0,67.0,23.0,61.0,21.0,77.0,334.0
1610612738,1629674,28.0,0.0,333.0,0.644,0.0,0.714,53.0,69.0,122.0,20.0,13.0,21.0,13.0,50.0,154.0
1610612738,1629052,55.0,1.0,630.0,0.444,0.273,0.602,61.0,99.0,160.0,44.0,19.0,8.0,20.0,54.0,201.0
1610612738,1630202,82.0,5.0,1826.0,0.468,0.385,0.821,70.0,195.0,265.0,281.0,39.0,6.0,61.0,106.0,787.0
1610612738,1630573,79.0,13.0,1741.0,0.446,0.424,0.895,45.0,231.0,276.0,82.0,40.0,25.0,32.0,99.0,712.0
1610612738,1629004,41.0,2.0,413.0,0.416,0.389,0.667,11.0,40.0,51.0,35.0,11.0,1.0,12.0,19.0,162.0
1610612738,1630214,54.0,15.0,975.0,0.434,0.247,0.44,70.0,141.0,211.0,77.0,51.0,44.0,34.0,75.0,284.0
1610612751,1629717,10.0,0.0,104.0,0.326,0.344,0.5,7.0,11.0,18.0,5.0,1.0,1.0,3.0,3.0,42.0
1610612751,1627732,15.0,12.0,359.0,0.581,0.0,0.4,31.0,88.0,119.0,86.0,12.0,9.0,27.0,36.0,92.0
1610612751,1630560,66.0,51.0,2075.0,0.442,0.364,0.856,28.0,186.0,214.0,192.0,45.0,16.0,124.0,138.0,1482.0
1610612751,1629661,58.0,47.0,1599.0,0.446,0.391,0.789,55.0,196.0,251.0,138.0,49.0,15.0,57.0,105.0,776.0
1610612751,1641727,2.0,0.0,24.0,0.2,0.0,0.5,0.0,4.0,4.0,3.0,0.0,1.0,0.0,0.0,3.0
1610612751,1630549,61.0,1.0,921.0,0.571,0.267,0.61,161.0,228.0,389.0,85.0,24.0,44.0,70.0,131.0,415.0
1610612751,203471,80.0,58.0,2486.0,0.435,0.375,0.836,39.0,203.0,242.0,488.0,63.0,17.0,153.0,164.0,1122.0
1610612751,1628372,56.0,2.0,1059.0,0.435,0.294,0.741,50.0,114.0,164.0,203.0,68.0,12.0,68.0,121.0,369.0
1610612751,1627827,68.0,56.0,1935.0,0.421,0.348,0.717,109.0,208.0,317.0,107.0,56.0,38.0,59.0,150.0,580.0
1610612751,1628385,23.0,0.0,100.0,0.46,0.214,0.538,12.0,18.0,30.0,6.0,2.0,3.0,6.0,15.0,56.0
1610612751,1631367,41.0,14.0,698.0,0.4,0.405,1.0,9.0,37.0,46.0,137.0,33.0,5.0,30.0,39.0,173.0
1610612751,1630592,43.0,3.0,665.0,0.425,0.324,0.826,47.0,84.0,131.0,45.0,11.0,4.0,19.0,48.0,214.0
1610612751,1628966,53.0,8.0,665.0,0.434,0.304,0.762,31.0,79.0,110.0,38.0,25.0,22.0,15.0,35.0,197.0
1610612751,1630553,5.0,0.0,61.0,0.381,0.4,0.917,3.0,4.0,7.0,3.0,3.0,1.0,5.0,5.0,31.0
1610612751,1629022,58.0,0.0,1011.0,0.423,0.384,0.763,13.0,114.0,127.0,74.0,32.0,20.0,51.0,71.0,565.0
1610612751,1628969,82.0,82.0,2854.0,0.436,0.372,0.814,68.0,304.0,372.0,299.0,81.0,30.0,164.0,116.0,1606.0
1610612751,1629651,71.0,71.0,2116.0,0.629,0.2,0.551,193.0,513.0,706.0,147.0,46.0,146.0,93.0,175.0,841.0
1610612751,1641730,23.0,4.0,370.0,0.538,0.364,0.7,26.0,55.0,81.0,18.0,8.0,16.0,15.0,25.0,133.0
1610612751,1626220,79.0,14.0,1954.0,0.397,0.37,0.686,60.0,317.0,377.0,219.0,59.0,44.0,73.0,174.0,608.0
1610612751,203915,76.0,52.0,2152.0,0.392,0.337,0.805,30.0,175.0,205.0,356.0,51.0,22.0,91.0,138.0,795.0
1610612751,1630570,63.0,2.0,857.0,0.527,0.397,0.794,52.0,142.0,194.0,81.0,23.0,19.0,63.0,106.0,432.0
1610612766,1630197,28.0,0.0,405.0,0.405,0.327,0.732,17.0,72.0,89.0,35.0,15.0,13.0,19.0,22.0,146.0
1610612766,1641735,10.0,0.0,65.0,0.333,0.125,0.857,6.0,3.0,9.0,7.0,3.0,0.0,4.0,2.0,23.0
1610612766,1641706,74.0,68.0,2383.0,0.44,0.373,0.827,60.0,255.0,315.0,175.0,66.0,42.0,132.0,184.0,1279.0
1610612766,1631121,59.0,14.0,882.0,0.439,0.333,0.776,17.0,85.0,102.0,51.0,21.0,10.0,30.0,74.0,302.0
1610612766,1628998,28.0,22.0,753.0,0.381,0.314,0.606,19.0,90.0,109.0,104.0,32.0,18.0,44.0,48.0,211.0
1610612766,202722,43.0,1.0,674.0,0.393,0.38,0.909,9.0,52.0,61.0,35.0,26.0,12.0,18.0,56.0,290.0
1610612766,1628373,5.0,0.0,43.0,0.111,0.125,1.0,1.0,5.0,6.0,4.0,0.0,0.0,1.0,4.0,5.0
1610612766,202330,51.0,28.0,1245.0,0.464,0.411,0.742,38.0,143.0,181.0,158.0,40.0,13.0,66.0,67.0,500.0
1610612766,1629684,76.0,43.0,2130.0,0.456,0.375,0.757,86.0,232.0,318.0,174.0,44.0,39.0,109.0,226.0,784.0
1610612766,202397,43.0,5.0,741.0,0.418,0.5,0.75,11.0,65.0,76.0,145.0,17.0,4.0,47.0,49.0,139.0
1610612766,1630550,63.0,3.0,781.0,0.437,0.346,0.55,43.0,103.0,146.0,29.0,11.0,27.0,15.0,60.0,199.0
1610612766,1630547,14.0,0.0,81.0,0.439,0.433,0.5,1.0,8.0,9.0,6.0,1.0,1.0,2.0,3.0,50.0
1610612766,1630163,22.0,22.0,711.0,0.433,0.355,0.865,29.0,84.0,113.0,176.0,40.0,4.0,83.0,79.0,526.0
1610612766,1641778,26.0,3.0,284.0,0.481,0.45,0.667,9.0,39.0,48.0,24.0,8.0,11.0,6.0,19.0,69.0
1610612766,1631109,19.0,19.0,508.0,0.649,0.0,0.719,76.0,108.0,184.0,22.0,16.0,20.0,17.0,50.0,242.0
1610612766,1629716,11.0,2.0,121.0,0.68,0.0,0.75,10.0,24.0,34.0,4.0,3.0,7.0,3.0,10.0,37.0
1610612766,1628970,69.0,67.0,2581.0,0.462,0.349,0.825,71.0,434.0,505.0,231.0,65.0,33.0,138.0,118.0,1449.0
1610612766,1641877,25.0,0.0,307.0,0.429,0.0,0.75,29.0,36.0,65.0,9.0,6.0,14.0,14.0,64.0,33.0
1610612766,1630208,67.0,51.0,1759.0,0.691,0.0,0.737,172.0,367.0,539.0,54.0,26.0,74.0,73.0,176.0,652.0
1610612766,1641733,51.0,0.0,729.0,0.391,0.432,0.867,18.0,54.0,72.0,59.0,10.0,7.0,39.0,55.0,302.0
1610612766,1629023,73.0,45.0,2221.0,0.436,0.32,0.683,85.0,326.0,411.0,141.0,72.0,59.0,96.0,169.0,939.0
1610612766,203552,44.0,4.0,615.0,0.392,0.352,0.903,18.0,50.0,68.0,44.0,22.0,6.0,21.0,39.0,226.0
1610612766,1626179,61.0,60.0,2040.0,0.443,0.363,0.869,35.0,212.0,247.0,342.0,63.0,21.0,106.0,101.0,1205.0
1610612766,1630177,17.0,1.0,213.0,0.286,0.167,0.933,4.0,20.0,24.0,28.0,7.0,0.0,18.0,21.0,59.0
1610612766,1630544,41.0,28.0,987.0,0.459,0.373,0.763,20.0,129.0,149.0,165.0,51.0,3.0,65.0,48.0,382.0
1610612766,203995,60.0,21.0,1176.0,0.43,0.279,0.813,14.0,74.0,88.0,262.0,31.0,7.0,99.0,68.0,422.0
1610612741,1641766,9.0,0.0,66.0,0.519,0.0,0.667,19.0,17.0,36.0,0.0,1.0,0.0,5.0,5.0,36.0
1610612741,1627936,71.0,57.0,2040.0,0.468,0.408,0.76,62.0,211.0,273.0,247.0,120.0,70.0,102.0,181.0,715.0
1610612741,203083,79.0,10.0,1351.0,0.556,0.0,0.592,265.0,443.0,708.0,37.0,73.0,48.0,81.0,140.0,663.0
1610612741,1641847,5.0,0.0,13.0,0.0,0.0,0.0,0.0,0.0,0.0,0.0,1.0,1.0,0.0,0.0,0.0
1610612741,1630245,76.0,37.0,2212.0,0.501,0.403,0.81,54.0,162.0,216.0,242.0,68.0,36.0,103.0,166.0,924.0
1610612741,1629632,79.0,78.0,2881.0,0.447,0.376,0.838,44.0,314.0,358.0,405.0,53.0,18.0,166.0,186.0,1509.0
1610612741,1631207,59.0,2.0,681.0,0.439,0.23,0.581,29.0,84.0,113.0,81.0,27.0,18.0,32.0,81.0,180.0
1610612741,201942,79.0,79.0,2989.0,0.48,0.333,0.853,43.0,297.0,340.0,421.0,90.0,45.0,135.0,161.0,1897.0
1610612741,1630929,4.0,0.0,30.0,0.4,0.333,0.5,1.0,3.0,4.0,4.0,2.0,1.0,2.0,6.0,11.0
1610612741,1629750,9.0,5.0,230.0,0.6,0.37,0.769,20.0,47.0,67.0,5.0,10.0,8.0,7.0,19.0,110.0
1610612741,1628975,72.0,0.0,1004.0,0.378,0.329,0.571,11.0,49.0,60.0,94.0,37.0,16.0,36.0,71.0,357.0
1610612741,1641763,40.0,0.0,323.0,0.416,0.316,0.684,12.0,24.0,36.0,13.0,7.0,7.0,10.0,40.0,89.0
1610612741,202696,76.0,74.0,2610.0,0.484,0.294,0.822,210.0,591.0,801.0,254.0,50.0,60.0,120.0,190.0,1370.0
1610612741,1641931,23.0,1.0,268.0,0.381,0.273,0.8,6.0,26.0,32.0,13.0,3.0,2.0,10.0,24.0,80.0
1610612741,1630172,43.0,30.0,1174.0,0.443,0.399,0.788,46.0,120.0,166.0,66.0,40.0,33.0,57.0,87.0,429.0
1610612741,1630678,31.0,0.0,188.0,0.513,0.222,0.8,17.0,20.0,37.0,10.0,5.0,2.0,7.0,17.0,46.0
1610612741,1628470,53.0,14.0,1049.0,0.43,0.392,0.75,69.0,148.0,217.0,58.0,30.0,21.0,32.0,110.0,303.0
1610612741,203897,25.0,23.0,872.0,0.452,0.349,0.854,8.0,121.0,129.0,98.0,21.0,8.0,52.0,57.0,487.0
1610612739,1627747,68.0,10.0,1958.0,0.421,0.325,0.766,39.0,241.0,280.0,346.0,76.0,34.0,117.0,121.0,952.0
1610612739,1641854,51.0,6.0,649.0,0.509,0.353,0.732,21.0,88.0,109.0,118.0,21.0,15.0,45.0,40.0,285.0
1610612739,1627745,39.0,0.0,270.0,0.597,0.214,0.857,20.0,42.0,62.0,15.0,7.0,13.0,13.0,27.0,107.0
1610612739,1629636,57.0,57.0,1900.0,0.446,0.371,0.834,30.0,122.0,152.0,373.0,74.0,7.0,176.0,95.0,1028.0
1610612739,1629731,54.0,32.0,1108.0,0.414,0.391,0.769,37.0,181.0,218.0,43.0,40.0,25.0,20.0,93.0,291.0
1610612739,1628378,55.0,55.0,1943.0,0.462,0.368,0.865,46.0,234.0,280.0,333.0,101.0,30.0,154.0,118.0,1463.0
1610612739,1641734,15.0,0.0,133.0,0.306,0.303,0.25,1.0,13.0,14.0,10.0,1.0,2.0,8.0,5.0,41.0
1610612739,1630596,50.0,50.0,1532.0,0.58,0.373,0.719,111.0,357.0,468.0,160.0,45.0,72.0,90.0,134.0,785.0
1610612739,1627777,82.0,10.0,1831.0,0.449,0.376,0.85,22.0,256.0,278.0,98.0,30.0,18.0,72.0,192.0,768.0
1610612739,1630171,69.0,42.0,1887.0,0.49,0.391,0.679,67.0,139.0,206.0,132.0,57.0,34.0,54.0,140.0,647.0
1610612739,1630600,10.0,0.0,72.0,0.417,0.3,0.0,3.0,7.0,10.0,6.0,2.0,0.0,2.0,6.0,23.0
1610612739,1628386,77.0,77.0,2442.0,0.634,0.0,0.742,243.0,568.0,811.0,210.0,53.0,81.0,121.0,147.0,1271.0
1610612739,202694,49.0,7.0,817.0,0.439,0.403,0.818,23.0,111.0,134.0,36.0,15.0,13.0,30.0,74.0,316.0
1610612739,1629622,70.0,70.0,2239.0,0.418,0.351,0.794,66.0,272.0,338.0,283.0,64.0,29.0,112.0,170.0,853.0
1610612739,1631250,8.0,0.0,27.0,0.167,1.0,0.0,0.0,3.0,3.0,0.0,1.0,0.0,1.0,2.0,3.0
1610612739,1630241,61.0,1.0,1069.0,0.402,0.404,0.929,22.0,98.0,120.0,108.0,19.0,4.0,19.0,72.0,485.0
1610612739,202684,49.0,0.0,549.0,0.608,0.0,0.288,73.0,101.0,174.0,51.0,12.0,14.0,29.0,59.0,161.0
1610612739,1629660,2.0,0.0,15.0,0.5,0.0,0.0,1.0,0.0,1.0,3.0,0.0,0.0,1.0,2.0,4.0
1610612742,1630639,42.0,0.0,311.0,0.446,0.26,0.652,14.0,36.0,50.0,20.0,10.0,3.0,14.0,22.0,136.0
1610612742,1641788,6.0,0.0,40.0,0.4,0.2,1.0,4.0,1.0,5.0,0.0,3.0,0.0,2.0,2.0,15.0
1610612742,1630314,17.0,0.0,113.0,0.37,0.2,0.647,4.0,9.0,13.0,17.0,1.0,1.0,7.0,4.0,54.0
1610612742,1629655,74.0,66.0,1814.0,0.725,0.0,0.674,195.0,367.0,562.0,115.0,65.0,153.0,74.0,227.0,814.0
1610612742,203957,55.0,17.0,1088.0,0.533,0.491,0.779,25.0,124.0,149.0,157.0,22.0,5.0,49.0,85.0,428.0
1610612742,1641726,55.0,42.0,1294.0,0.747,0.0,0.506,135.0,243.0,378.0,60.0,36.0,77.0,50.0,144.0,483.0
1610612742,1627884,76.0,66.0,1783.0,0.483,0.343,0.713,82.0,168.0,250.0,75.0,53.0,51.0,65.0,121.0,657.0
1610612742,1641926,4.0,0.0,30.0,0.526,0.125,0.333,1.0,8.0,9.0,4.0,0.0,1.0,3.0,1.0,22.0
1610612742,203939,63.0,9.0,836.0,0.679,0.333,0.708,97.0,117.0,214.0,84.0,26.0,20.0,32.0,113.0,208.0
1610612742,1629684,76.0,43.0,2130.0,0.456,0.375,0.757,86.0,232.0,318.0,174.0,44.0,39.0,109.0,226.0,784.0
1610612742,1630535,6.0,0.0,40.0,0.455,0.333,0.444,3.0,6.0,9.0,4.0,0.0,4.0,4.0,5.0,15.0
1610612742,1630702,73.0,7.0,989.0,0.407,0.362,0.776,20.0,111.0,131.0,109.0,22.0,4.0,62.0,80.0,530.0
1610612742,1630182,57.0,33.0,1505.0,0.479,0.385,0.684,40.0,144.0,184.0,130.0,47.0,9.0,60.0,107.0,469.0
1610612742,202681,58.0,58.0,2030.0,0.497,0.411,0.905,44.0,246.0,290.0,299.0,74.0,28.0,106.0,112.0,1487.0
1610612742,1629029,70.0,70.0,2624.0,0.487,0.382,0.786,59.0,588.0,647.0,686.0,99.0,38.0,282.0,149.0,2370.0
1610612742,202693,26.0,1.0,216.0,0.338,0.357,0.833,4.0,35.0,39.0,16.0,5.0,3.0,12.0,12.0,66.0
1610612742,1628467,43.0,7.0,871.0,0.432,0.348,0.702,30.0,113.0,143.0,68.0,17.0,30.0,28.0,79.0,191.0
1610612742,1641765,40.0,1.0,336.0,0.385,0.289,0.683,25.0,54.0,79.0,22.0,7.0,4.0,8.0,20.0,121.0
1610612742,1629023,73.0,45.0,2221.0,0.436,0.32,0.683,85.0,326.0,411.0,141.0,72.0,59.0,96.0,169.0,939.0
1610612742,1626158,40.0,10.0,554.0,0.558,0.333,0.723,71.0,111.0,182.0,25.0,11.0,19.0,24.0,74.0,199.0
1610612742,203552,44.0,4.0,615.0,0.392,0.352,0.903,18.0,50.0,68.0,44.0,22.0,6.0,21.0,39.0,226.0
1610612742,203501,79.0,12.0,2120.0,0.402,0.353,0.852,22.0,232.0,254.0,139.0,42.0,6.0,69.0,106.0,1139.0
1610612743,203932,73.0,73.0,2297.0,0.556,0.29,0.658,174.0,297.0,471.0,259.0,56.0,45.0,105.0,142.0,1013.0
1610612743,1630296,20.0,0.0,60.0,0.412,0.4,0.75,3.0,15.0,18.0,9.0,2.0,1.0,1.0,5.0,22.0
1610612743,1631128,82.0,4.0,1656.0,0.46,0.384,0.694,79.0,227.0,306.0,132.0,42.0,35.0,55.0,137.0,600.0
1610612743,1631221,24.0,0.0,225.0,0.464,0.395,0.667,1.0,20.0,21.0,27.0,13.0,0.0,14.0,24.0,87.0
1610612743,201599,36.0,2.0,396.0,0.624,0.0,0.491,54.0,103.0,157.0,26.0,6.0,16.0,23.0,56.0,142.0
1610612743,1641816,18.0,0.0,48.0,0.4,0.286,0.0,1.0,8.0,9.0,2.0,1.0,0.0,2.0,10.0,20.0
1610612743,1629618,27.0,0.0,122.0,0.429,0.36,0.75,1.0,13.0,14.0,21.0,4.0,0.0,9.0,13.0,42.0
1610612743,1627750,59.0,59.0,1861.0,0.481,0.425,0.853,42.0,200.0,242.0,384.0,57.0,39.0,125.0,104.0,1250.0
1610612743,1630643,20.0,0.0,49.0,0.6,0.333,1.0,2.0,9.0,11.0,2.0,2.0,3.0,1.0,9.0,23.0
1610612743,1631124,50.0,0.0,545.0,0.369,0.297,0.71,5.0,56.0,61.0,47.0,17.0,7.0,23.0,54.0,227.0
1610612743,203200,58.0,9.0,862.0,0.454,0.404,0.75,9.0,62.0,71.0,67.0,36.0,9.0,14.0,69.0,234.0
1610612743,203484,76.0,76.0,2402.0,0.46,0.406,0.894,31.0,152.0,183.0,183.0,98.0,42.0,75.0,151.0,766.0
1610612743,1629008,81.0,81.0,2565.0,0.484,0.397,0.836,106.0,459.0,565.0,122.0,42.0,53.0,92.0,148.0,1356.0
1610612743,203999,79.0,79.0,2737.0,0.583,0.359,0.817,223.0,753.0,976.0,708.0,108.0,68.0,237.0,194.0,2085.0
1610612743,1631212,80.0,4.0,1488.0,0.465,0.296,0.67,56.0,202.0,258.0,86.0,42.0,88.0,58.0,143.0,532.0
1610612743,202704,82.0,23.0,1817.0,0.431,0.359,0.806,33.0,122.0,155.0,308.0,44.0,13.0,106.0,149.0,833.0
1610612743,1630192,58.0,0.0,576.0,0.463,0.261,0.677,61.0,65.0,126.0,32.0,15.0,38.0,27.0,81.0,186.0
1610612765,202692,66.0,1.0,1212.0,0.369,0.376,0.868,24.0,126.0,150.0,88.0,28.0,12.0,48.0,75.0,689.0
1610612765,1641709,63.0,38.0,1583.0,0.483,0.186,0.597,129.0,273.0,402.0,120.0,68.0,59.0,84.0,175.0,556.0
1610612765,202711,57.0,27.0,1478.0,0.454,0.398,0.785,22.0,130.0,152.0,97.0,30.0,5.0,101.0,95.0,868.0
1610612765,1631205,10.0,0.0,84.0,0.31,0.32,0.8,3.0,7.0,10.0,3.0,0.0,1.0,0.0,5.0,34.0
1610612765,1630595,62.0,62.0,2074.0,0.449,0.355,0.869,33.0,235.0,268.0,464.0,56.0,22.0,212.0,153.0,1405.0
1610612765,1629002,51.0,12.0,859.0,0.504,0.298,0.906,41.0,153.0,194.0,46.0,43.0,16.0,52.0,71.0,332.0
1610612765,201568,49.0,0.0,629.0,0.437,0.323,0.857,20.0,88.0,108.0,55.0,14.0,6.0,23.0,50.0,280.0
1610612765,203095,32.0,0.0,580.0,0.357,0.254,0.806,5.0,53.0,58.0,48.0,29.0,7.0,21.0,48.0,220.0
1610612765,1630587,23.0,6.0,469.0,0.345,0.286,0.667,15.0,33.0,48.0,25.0,13.0,5.0,16.0,43.0,114.0
1610612765,1630191,46.0,45.0,1423.0,0.487,0.383,0.753,74.0,231.0,305.0,73.0,17.0,38.0,66.0,99.0,503.0
1610612765,1631093,77.0,61.0,2218.0,0.429,0.336,0.749,86.0,178.0,264.0,296.0,57.0,41.0,190.0,204.0,1185.0
1610612765,1631105,61.0,60.0,1777.0,0.619,0.0,0.79,192.0,517.0,709.0,147.0,33.0,47.0,129.0,192.0,841.0
1610612765,1630164,63.0,6.0,1091.0,0.613,0.0,0.706,110.0,226.0,336.0,54.0,12.0,39.0,66.0,141.0,446.0
1610612765,1631197,17.0,0.0,245.0,0.5,0.387,0.625,3.0,30.0,33.0,14.0,3.0,13.0,7.0,28.0,83.0
1610612765,1629669,13.0,1.0,214.0,0.436,0.207,0.778,6.0,18.0,24.0,19.0,4.0,2.0,7.0,15.0,81.0
1610612765,203925,16.0,0.0,170.0,0.359,0.333,0.5,3.0,10.0,13.0,10.0,3.0,2.0,4.0,19.0,39.0
1610612765,1628995,31.0,11.0,560.0,0.462,0.33,0.909,18.0,57.0,75.0,23.0,13.0,7.0,22.0,50.0,223.0
1610612765,1630165,42.0,31.0,1008.0,0.413,0.297,0.66,11.0,108.0,119.0,205.0,36.0,20.0,51.0,75.0,289.0
1610612765,1630201,69.0,0.0,877.0,0.418,0.331,0.732,21.0,93.0,114.0,130.0,38.0,8.0,63.0,66.0,380.0
1610612765,1630608,1.0,0.0,3.0,0.0,0.0,0.0,0.0,0.0,0.0,0.0,0.0,0.0,0.0,0.0,0.0
1610612765,1631204,71.0,11.0,1351.0,0.428,0.375,0.879,11.0,114.0,125.0,236.0,44.0,12.0,90.0,103.0,586.0
1610612765,1628963,50.0,25.0,1053.0,0.586,0.391,0.762,130.0,182.0,312.0,55.0,20.0,33.0,59.0,81.0,583.0
1610612765,203488,53.0,6.0,600.0,0.359,0.292,0.68,39.0,86.0,125.0,36.0,9.0,13.0,22.0,52.0,157.0
1610612765,1628420,33.0,0.0,476.0,0.405,0.386,0.684,7.0,50.0,57.0,69.0,19.0,9.0,7.0,14.0,164.0
1610612765,1629656,51.0,18.0,1025.0,0.372,0.338,0.756,15.0,85.0,100.0,66.0,35.0,7.0,28.0,75.0,359.0
1610612765,1629003,48.0,0.0,581.0,0.405,0.281,0.816,14.0,61.0,75.0,60.0,19.0,6.0,31.0,54.0,216.0
1610612765,1631323,66.0,43.0,1644.0,0.46,0.401,0.818,64.0,182.0,246.0,101.0,44.0,23.0,68.0,110.0,692.0
1610612765,1630649,24.0,2.0,307.0,0.44,0.453,0.906,8.0,43.0,51.0,11.0,8.0,7.0,14.0,40.0,127.0
1610612765,201959,20.0,1.0,204.0,0.405,0.2,1.0,12.0,25.0,37.0,11.0,3.0,7.0,5.0,31.0,34.0
1610612765,1641787,17.0,8.0,367.0,0.507,0.375,0.68,18.0,42.0,60.0,16.0,6.0,5.0,9.0,23.0,101.0
1610612765,1628972,59.0,15.0,827.0,0.372,0.333,0.865,25.0,119.0,144.0,60.0,24.0,3.0,30.0,42.0,247.0
1610612744,203952,71.0,59.0,1920.0,0.453,0.358,0.751,108.0,213.0,321.0,119.0,42.0,41.0,87.0,147.0,939.0
1610612744,1641764,74.0,28.0,1968.0,0.454,0.385,0.633,118.0,309.0,427.0,273.0,61.0,14.0,88.0,122.0,682.0
1610612744,101108,58.0,18.0,1531.0,0.441,0.371,0.827,18.0,207.0,225.0,393.0,70.0,6.0,76.0,108.0,533.0
1610612744,202709,26.0,0.0,296.0,0.359,0.31,0.571,6.0,24.0,30.0,42.0,4.0,3.0,12.0,25.0,63.0
1610612744,203967,64.0,9.0,1098.0,0.466,0.376,0.849,73.0,210.0,283.0,144.0,31.0,10.0,78.0,112.0,515.0
1610612744,203110,55.0,52.0,1490.0,0.497,0.395,0.73,76.0,322.0,398.0,332.0,55.0,47.0,135.0,166.0,475.0
1610612744,1627780,44.0,0.0,680.0,0.563,0.364,0.609,46.0,67.0,113.0,48.0,39.0,18.0,27.0,77.0,240.0
1610612744,1630611,23.0,0.0,192.0,0.509,0.37,0.941,17.0,32.0,49.0,14.0,4.0,2.0,7.0,23.0,82.0
1610612744,1629010,22.0,0.0,81.0,0.333,0.118,0.636,1.0,5.0,6.0,5.0,1.0,3.0,2.0,5.0,31.0
1610612744,1630228,74.0,46.0,1949.0,0.529,0.321,0.746,92.0,263.0,355.0,163.0,55.0,36.0,122.0,169.0,1188.0
1610612744,1626172,74.0,36.0,1194.0,0.597,0.0,0.675,143.0,276.0,419.0,133.0,28.0,29.0,50.0,155.0,334.0
1610612744,202691,77.0,63.0,2284.0,0.432,0.387,0.927,35.0,219.0,254.0,176.0,50.0,35.0,117.0,127.0,1375.0
1610612744,1631311,37.0,0.0,394.0,0.397,0.364,0.69,21.0,51.0,72.0,36.0,6.0,2.0,17.0,44.0,164.0
1610612744,1630541,66.0,9.0,1156.0,0.462,0.36,0.785,65.0,131.0,196.0,57.0,42.0,24.0,44.0,90.0,533.0
1610612744,1630311,6.0,0.0,26.0,0.5,0.0,0.0,2.0,2.0,4.0,5.0,0.0,0.0,1.0,1.0,4.0
1610612744,201939,74.0,74.0,2422.0,0.45,0.408,0.923,37.0,293.0,330.0,379.0,54.0,28.0,210.0,117.0,1956.0
1610612744,1631218,68.0,16.0,1130.0,0.702,0.0,0.561,135.0,206.0,341.0,82.0,29.0,76.0,49.0,108.0,540.0
1610612744,1630586,6.0,0.0,18.0,0.167,0.0,0.5,3.0,4.0,7.0,1.0,1.0,3.0,2.0,2.0,3.0
1610612745,1628988,78.0,1.0,1269.0,0.446,0.387,0.921,23.0,100.0,123.0,140.0,42.0,6.0,53.0,125.0,514.0
1610612745,1630578,63.0,63.0,2046.0,0.537,0.297,0.693,183.0,406.0,589.0,312.0,76.0,46.0,162.0,211.0,1331.0
1610612745,1641708,62.0,23.0,1389.0,0.536,0.138,0.684,148.0,261.0,409.0,163.0,78.0,38.0,90.0,141.0,592.0
1610612745,1626246,14.0,0.0,71.0,0.529,0.0,0.643,7.0,25.0,32.0,6.0,1.0,2.0,5.0,5.0,45.0
1610612745,1641715,47.0,2.0,880.0,0.454,0.359,0.679,44.0,136.0,180.0,33.0,30.0,17.0,46.0,64.0,579.0
1610612745,1628415,72.0,72.0,2227.0,0.428,0.359,0.844,53.0,193.0,246.0,119.0,64.0,10.0,88.0,241.0,915.0
1610612745,1627832,73.0,73.0,2684.0,0.416,0.387,0.86,33.0,245.0,278.0,589.0,101.0,59.0,126.0,183.0,1270.0
1610612745,1631095,76.0,76.0,2424.0,0.454,0.363,0.811,139.0,477.0,616.0,121.0,52.0,61.0,89.0,200.0,1044.0
1610612745,1630256,65.0,9.0,1031.0,0.472,0.299,0.667,61.0,136.0,197.0,64.0,42.0,15.0,37.0,137.0,265.0
1610612745,1630224,82.0,82.0,2601.0,0.423,0.332,0.804,41.0,382.0,423.0,291.0,66.0,28.0,191.0,115.0,1610.0
1610612745,201145,78.0,6.0,1307.0,0.456,0.331,0.819,46.0,132.0,178.0,70.0,16.0,31.0,46.0,100.0,509.0
1610612745,1631257,14.0,0.0,60.0,0.643,0.0,1.0,3.0,10.0,13.0,3.0,1.0,2.0,0.0,5.0,20.0
1610612745,1629111,56.0,3.0,764.0,0.515,0.25,0.8,88.0,84.0,172.0,65.0,20.0,33.0,31.0,74.0,274.0
1610612745,1630207,15.0,0.0,75.0,0.423,0.5,0.8,7.0,15.0,22.0,10.0,3.0,2.0,3.0,11.0,33.0
1610612745,1631466,22.0,0.0,129.0,0.54,0.4,0.538,12.0,11.0,23.0,7.0,4.0,1.0,4.0,10.0,63.0
1610612745,203493,44.0,0.0,417.0,0.415,0.403,1.0,6.0,67.0,73.0,15.0,12.0,5.0,10.0,29.0,96.0
1610612745,1631106,22.0,0.0,480.0,0.466,0.36,0.636,46.0,107.0,153.0,27.0,31.0,19.0,20.0,51.0,215.0
1610612754,1630174,72.0,47.0,1995.0,0.496,0.419,0.781,63.0,212.0,275.0,108.0,65.0,49.0,64.0,241.0,877.0
1610612754,1629614,68.0,47.0,1697.0,0.498,0.357,0.804,36.0,105.0,141.0,280.0,63.0,6.0,101.0,143.0,626.0
1610612754,1641767,57.0,1.0,814.0,0.393,0.314,0.885,15.0,74.0,89.0,53.0,33.0,2.0,15.0,88.0,252.0
1610612754,1631097,59.0,19.0,1538.0,0.446,0.374,0.821,60.0,174.0,234.0,119.0,35.0,14.0,97.0,117.0,856.0
1610612754,1628971,67.0,44.0,1865.0,0.478,0.323,0.824,53.0,231.0,284.0,192.0,59.0,17.0,86.0,148.0,726.0
1610612754,1627741,84.0,42.0,2160.0,0.436,0.386,0.881,61.0,208.0,269.0,236.0,70.0,42.0,103.0,169.0,1013.0
1610612754,1628464,60.0,3.0,1015.0,0.532,0.366,0.76,85.0,159.0,244.0,61.0,21.0,51.0,42.0,127.0,376.0
1610612754,203926,64.0,0.0,904.0,0.433,0.41,0.579,10.0,49.0,59.0,70.0,16.0,2.0,28.0,64.0,351.0
1610612754,1630543,60.0,3.0,771.0,0.665,0.0,0.716,94.0,144.0,238.0,50.0,34.0,61.0,39.0,137.0,383.0
1610612754,1631209,1.0,0.0,4.0,0.333,0.0,0.0,0.0,0.0,0.0,0.0,0.0,0.0,0.0,0.0,2.0
1610612754,1630188,61.0,14.0,1047.0,0.592,0.424,0.692,112.0,225.0,337.0,63.0,17.0,38.0,44.0,124.0,601.0
1610612754,201949,9.0,0.0,47.0,0.3,0.0,1.0,1.0,3.0,4.0,8.0,5.0,1.0,5.0,9.0,8.0
1610612754,1641716,33.0,0.0,340.0,0.409,0.4,0.889,12.0,51.0,63.0,40.0,15.0,11.0,17.0,29.0,120.0
1610612754,1629670,52.0,1.0,711.0,0.462,0.336,0.83,28.0,121.0,149.0,62.0,26.0,13.0,53.0,48.0,364.0
1610612754,1631112,15.0,0.0,63.0,0.533,0.0,0.625,3.0,2.0,5.0,5.0,0.0,0.0,2.0,9.0,21.0
1610612754,1626167,77.0,77.0,2076.0,0.524,0.358,0.773,113.0,420.0,533.0,100.0,39.0,144.0,109.0,232.0,1313.0
1610612754,1630167,82.0,28.0,1731.0,0.573,0.403,0.77,85.0,235.0,320.0,128.0,47.0,43.0,69.0,143.0,843.0
1610612754,1631131,8.0,0.0,42.0,0.5,0.0,0.75,8.0,8.0,16.0,2.0,2.0,1.0,0.0,3.0,26.0
1610612754,1627783,80.0,80.0,2658.0,0.536,0.346,0.732,139.0,426.0,565.0,342.0,63.0,25.0,141.0,193.0,1737.0
1610612754,1631245,3.0,0.0,11.0,0.0,0.0,1.0,0.0,4.0,4.0,2.0,1.0,0.0,0.0,1.0,2.0
1610612754,204456,71.0,4.0,1291.0,0.556,0.409,0.79,36.0,155.0,191.0,390.0,72.0,8.0,108.0,79.0,727.0
1610612754,1630169,69.0,68.0,2224.0,0.477,0.364,0.855,35.0,236.0,271.0,752.0,83.0,48.0,159.0,75.0,1389.0
1610612746,1629599,70.0,13.0,1461.0,0.472,0.38,0.859,29.0,119.0,148.0,76.0,41.0,14.0,33.0,102.0,463.0
1610612746,1630538,37.0,5.0,540.0,0.386,0.326,0.783,5.0,50.0,55.0,93.0,26.0,4.0,44.0,51.0,256.0
1610612746,1630527,32.0,0.0,345.0,0.404,0.269,0.697,19.0,33.0,52.0,13.0,11.0,8.0,24.0,40.0,167.0
1610612746,1628464,60.0,3.0,1015.0,0.532,0.366,0.76,85.0,159.0,244.0,61.0,21.0,51.0,42.0,127.0,376.0
1610612746,1627826,68.0,68.0,1795.0,0.649,0.0,0.723,196.0,430.0,626.0,93.0,22.0,83.0,79.0,180.0,794.0
1610612746,201935,72.0,72.0,2470.0,0.428,0.381,0.878,34.0,335.0,369.0,614.0,77.0,57.0,185.0,127.0,1192.0
1610612746,1641757,8.0,0.0,28.0,0.556,0.5,1.0,3.0,2.0,5.0,0.0,0.0,0.0,1.0,2.0,13.0
1610612746,1630563,2.0,0.0,10.0,0.333,0.0,0.0,1.0,0.0,1.0,0.0,0.0,1.0,4.0,0.0,2.0
1610612746,1630231,60.0,2.0,747.0,0.536,0.286,0.537,41.0,90.0,131.0,51.0,22.0,12.0,32.0,100.0,224.0
1610612746,202695,68.0,68.0,2330.0,0.525,0.417,0.885,84.0,332.0,416.0,244.0,111.0,59.0,119.0,97.0,1613.0
1610612746,1641738,44.0,0.0,394.0,0.411,0.292,0.5,20.0,42.0,62.0,25.0,12.0,6.0,9.0,49.0,89.0
1610612746,203486,46.0,11.0,674.0,0.569,0.0,0.707,60.0,174.0,234.0,55.0,14.0,17.0,36.0,68.0,244.0
1610612746,1631217,11.0,0.0,64.0,0.526,0.0,0.643,15.0,9.0,24.0,4.0,5.0,1.0,2.0,4.0,29.0
1610612746,201587,60.0,38.0,1530.0,0.453,0.395,0.714,70.0,178.0,248.0,128.0,48.0,38.0,40.0,109.0,320.0
1610612746,1626181,76.0,3.0,1990.0,0.486,0.435,0.831,16.0,179.0,195.0,82.0,43.0,22.0,66.0,137.0,1056.0
1610612746,200782,31.0,10.0,486.0,0.36,0.371,1.0,28.0,57.0,85.0,16.0,16.0,7.0,8.0,54.0,52.0
1610612746,202331,74.0,74.0,2502.0,0.471,0.413,0.907,37.0,351.0,388.0,262.0,113.0,37.0,153.0,202.0,1671.0
1610612746,203496,29.0,6.0,488.0,0.439,0.339,0.846,31.0,66.0,97.0,24.0,39.0,18.0,11.0,56.0,127.0
1610612746,201566,68.0,11.0,1529.0,0.454,0.273,0.688,93.0,250.0,343.0,306.0,74.0,23.0,144.0,121.0,754.0
1610612746,1629611,75.0,71.0,1873.0,0.515,0.348,0.832,87.0,167.0,254.0,119.0,43.0,15.0,48.0,145.0,658.0
1610612746,1629875,14.0,1.0,119.0,0.326,0.118,0.5,8.0,10.0,18.0,21.0,3.0,3.0,5.0,8.0,33.0
1610612747,1641788,6.0,0.0,40.0,0.4,0.2,1.0,4.0,1.0,5.0,0.0,3.0,0.0,2.0,2.0,15.0
1610612747,203076,76.0,76.0,2700.0,0.556,0.271,0.816,239.0,722.0,961.0,266.0,91.0,178.0,159.0,177.0,1876.0
1610612747,1630559,82.0,57.0,2629.0,0.486,0.367,0.853,57.0,295.0,352.0,450.0,66.0,25.0,174.0,153.0,1300.0
1610612747,1629629,48.0,26.0,984.0,0.389,0.336,0.759,27.0,72.0,99.0,48.0,47.0,14.0,31.0,64.0,260.0
1610612747,1626174,50.0,1.0,872.0,0.466,0.307,0.702,39.0,215.0,254.0,49.0,16.0,33.0,50.0,72.0,347.0
1610612747,1630658,16.0,0.0,59.0,0.563,0.0,1.0,6.0,6.0,12.0,3.0,2.0,0.0,3.0,11.0,24.0
1610612747,1626156,76.0,69.0,2484.0,0.456,0.415,0.828,28.0,208.0,236.0,482.0,69.0,36.0,156.0,156.0,1369.0
1610612747,1641793,7.0,0.0,41.0,0.333,0.25,0.5,0.0,0.0,0.0,5.0,1.0,1.0,1.0,4.0,14.0
1610612747,1629685,17.0,0.0,108.0,0.5,0.481,0.0,3.0,13.0,16.0,10.0,2.0,0.0,2.0,6.0,43.0
1610612747,1629216,11.0,0.0,218.0,0.306,0.107,0.5,4.0,5.0,9.0,21.0,9.0,0.0,5.0,19.0,34.0
1610612747,1628385,23.0,0.0,100.0,0.46,0.214,0.538,12.0,18.0,30.0,6.0,2.0,3.0,6.0,15.0,56.0
1610612747,1641720,21.0,0.0,109.0,0.222,0.133,0.6,2.0,11.0,13.0,8.0,3.0,2.0,9.0,13.0,34.0
1610612747,1629020,29.0,6.0,581.0,0.518,0.296,0.667,41.0,97.0,138.0,36.0,36.0,5.0,28.0,43.0,150.0
1610612747,1629637,70.0,5.0,877.0,0.72,0.0,0.622,69.0,142.0,211.0,33.0,34.0,29.0,43.0,123.0,303.0
1610612747,2544,71.0,71.0,2504.0,0.54,0.41,0.75,61.0,457.0,518.0,589.0,89.0,38.0,245.0,78.0,1822.0
1610612747,1631108,67.0,7.0,944.0,0.427,0.356,0.783,15.0,127.0,142.0,60.0,20.0,17.0,35.0,57.0,284.0
1610612747,1641721,34.0,0.0,103.0,0.19,0.111,0.667,2.0,2.0,4.0,6.0,2.0,1.0,10.0,5.0,11.0
1610612747,1629060,68.0,39.0,1825.0,0.537,0.422,0.739,58.0,236.0,294.0,81.0,41.0,25.0,46.0,101.0,923.0
1610612747,1630219,38.0,5.0,433.0,0.396,0.296,0.765,10.0,33.0,43.0,85.0,21.0,4.0,20.0,26.0,155.0
1610612747,203915,76.0,52.0,2152.0,0.392,0.337,0.805,30.0,175.0,205.0,356.0,51.0,22.0,91.0,138.0,795.0
1610612747,1627752,78.0,49.0,2108.0,0.442,0.396,0.735,21.0,209.0,230.0,119.0,58.0,35.0,73.0,146.0,697.0
1610612763,202687,40.0,27.0,791.0,0.565,0.0,0.481,62.0,147.0,209.0,53.0,11.0,37.0,42.0,89.0,174.0
1610612763,1629634,6.0,1.0,134.0,0.559,0.167,0.143,13.0,19.0,32.0,9.0,5.0,6.0,3.0,8.0,68.0
1610612763,1631223,65.0,13.0,1177.0,0.403,0.293,0.691,53.0,158.0,211.0,80.0,27.0,11.0,57.0,72.0,425.0
1610612763,1630610,9.0,0.0,150.0,0.34,0.308,0.455,8.0,36.0,44.0,26.0,6.0,2.0,9.0,14.0,43.0
1610612763,201565,24.0,7.0,399.0,0.461,0.366,0.889,7.0,38.0,45.0,78.0,8.0,2.0,31.0,21.0,191.0
1610612763,1630217,42.0,42.0,1443.0,0.464,0.381,0.87,36.0,149.0,185.0,230.0,43.0,22.0,112.0,120.0,997.0
1610612763,1641713,48.0,18.0,1233.0,0.428,0.357,0.752,53.0,143.0,196.0,59.0,28.0,24.0,65.0,64.0,699.0
1610612763,1629630,9.0,9.0,318.0,0.471,0.275,0.813,6.0,44.0,50.0,73.0,7.0,5.0,27.0,19.0,226.0
1610612763,1631298,4.0,0.0,64.0,0.125,0.2,0.0,4.0,8.0,12.0,1.0,4.0,1.0,2.0,3.0,6.0
1610612763,1631367,41.0,14.0,698.0,0.4,0.405,1.0,9.0,37.0,46.0,137.0,33.0,5.0,30.0,39.0,173.0
1610612763,1631222,35.0,6.0,806.0,0.389,0.34,0.826,51.0,77.0,128.0,58.0,29.0,12.0,45.0,69.0,379.0
1610612763,1628991,66.0,66.0,2124.0,0.444,0.32,0.808,85.0,280.0,365.0,154.0,80.0,106.0,160.0,235.0,1486.0
1610612763,1629669,13.0,1.0,214.0,0.436,0.207,0.778,6.0,18.0,24.0,19.0,4.0,2.0,7.0,15.0,81.0
1610612763,1629723,55.0,23.0,1174.0,0.423,0.317,0.84,72.0,185.0,257.0,110.0,51.0,51.0,46.0,76.0,235.0
1610612763,1630692,57.0,12.0,1056.0,0.369,0.298,0.746,88.0,165.0,253.0,155.0,48.0,18.0,56.0,76.0,368.0
1610612763,1631254,21.0,0.0,198.0,0.462,0.292,0.654,12.0,26.0,38.0,33.0,6.0,5.0,14.0,24.0,96.0
1610612763,1630205,38.0,3.0,559.0,0.45,0.304,0.778,36.0,91.0,127.0,28.0,23.0,22.0,24.0,45.0,272.0
1610612763,1628379,39.0,22.0,999.0,0.448,0.45,0.889,11.0,102.0,113.0,136.0,20.0,2.0,54.0,39.0,429.0
1610612763,1641970,7.0,1.0,122.0,0.514,0.385,0.7,11.0,26.0,37.0,2.0,6.0,4.0,5.0,10.0,48.0
1610612763,203935,20.0,20.0,605.0,0.43,0.313,0.768,6.0,47.0,53.0,86.0,41.0,5.0,62.0,53.0,289.0
1610612763,1630562,8.0,0.0,113.0,0.353,0.25,1.0,9.0,7.0,16.0,4.0,3.0,3.0,2.0,8.0,32.0
1610612763,1630583,61.0,35.0,1618.0,0.435,0.349,0.621,72.0,280.0,352.0,138.0,43.0,54.0,69.0,89.0,654.0
1610612763,1630590,21.0,16.0,527.0,0.493,0.417,0.745,22.0,45.0,67.0,98.0,36.0,10.0,56.0,60.0,271.0
1610612763,1627885,3.0,0.0,6.0,0.5,0.0,0.0,0.0,2.0,2.0,0.0,0.0,1.0,0.0,0.0,2.0
1610612763,1641851,5.0,0.0,125.0,0.261,0.0,0.5,4.0,13.0,17.0,5.0,4.0,0.0,2.0,18.0,13.0
1610612763,1641787,17.0,8.0,367.0,0.507,0.375,0.68,18.0,42.0,60.0,16.0,6.0,5.0,9.0,23.0,101.0
1610612763,1641998,25.0,14.0,574.0,0.551,0.0,0.84,64.0,70.0,134.0,27.0,12.0,28.0,34.0,69.0,171.0
1610612763,1631246,52.0,33.0,1437.0,0.446,0.378,0.8,59.0,231.0,290.0,175.0,47.0,34.0,92.0,135.0,521.0
1610612763,1629117,5.0,0.0,81.0,0.364,0.167,0.0,7.0,18.0,25.0,3.0,2.0,2.0,8.0,10.0,17.0
1610612763,1630214,54.0,15.0,975.0,0.434,0.247,0.44,70.0,141.0,211.0,77.0,51.0,44.0,34.0,75.0,284.0
1610612763,1629139,34.0,0.0,464.0,0.353,0.294,0.588,11.0,43.0,54.0,15.0,12.0,7.0,19.0,39.0,117.0
1610612763,1630285,7.0,0.0,161.0,0.315,0.294,0.75,4.0,16.0,20.0,25.0,7.0,3.0,10.0,11.0,42.0
1610612763,1630533,51.0,15.0,1038.0,0.397,0.307,0.827,35.0,145.0,180.0,75.0,36.0,9.0,66.0,85.0,420.0
1610612748,1631214,7.0,0.0,16.0,0.25,0.0,1.0,0.0,1.0,1.0,0.0,0.0,1.0,2.0,2.0,5.0
1610612748,1628389,71.0,71.0,2416.0,0.521,0.357,0.755,159.0,578.0,737.0,278.0,81.0,66.0,162.0,159.0,1367.0
1610612748,1628997,64.0,23.0,1757.0,0.431,0.349,0.778,74.0,207.0,281.0,143.0,47.0,29.0,77.0,126.0,640.0
1610612748,1631306,18.0,0.0,87.0,0.395,0.333,1.0,1.0,6.0,7.0,5.0,1.0,1.0,8.0,4.0,42.0
1610612748,1626153,47.0,1.0,742.0,0.394,0.368,0.822,19.0,67.0,86.0,119.0,54.0,11.0,14.0,32.0,210.0
1610612748,1630696,9.0,0.0,131.0,0.455,0.412,1.0,6.0,8.0,14.0,14.0,9.0,3.0,5.0,12.0,39.0
1610612748,1629130,68.0,36.0,1906.0,0.45,0.395,0.889,15.0,158.0,173.0,192.0,46.0,16.0,95.0,163.0,875.0
1610612748,1629312,66.0,26.0,1366.0,0.465,0.396,0.639,65.0,145.0,210.0,70.0,53.0,30.0,34.0,117.0,405.0
1610612748,1631170,75.0,20.0,2113.0,0.489,0.322,0.811,82.0,203.0,285.0,195.0,77.0,20.0,110.0,167.0,889.0
1610612748,1631288,26.0,1.0,259.0,0.43,0.355,0.783,15.0,22.0,37.0,10.0,10.0,5.0,8.0,22.0,97.0
1610612748,202710,60.0,60.0,2042.0,0.499,0.414,0.858,105.0,213.0,318.0,298.0,79.0,17.0,102.0,68.0,1246.0
1610612748,1626196,43.0,6.0,1103.0,0.444,0.347,0.944,18.0,103.0,121.0,105.0,24.0,14.0,36.0,76.0,425.0
1610612748,201567,55.0,5.0,924.0,0.44,0.344,0.787,59.0,279.0,338.0,115.0,18.0,10.0,48.0,97.0,485.0
1610612748,200768,60.0,55.0,1690.0,0.432,0.392,0.84,34.0,160.0,194.0,253.0,59.0,21.0,85.0,146.0,487.0
1610612748,1631107,46.0,38.0,896.0,0.452,0.399,0.702,25.0,167.0,192.0,90.0,25.0,14.0,42.0,82.0,352.0
1610612748,1631115,36.0,7.0,304.0,0.5,0.533,0.76,28.0,56.0,84.0,34.0,7.0,8.0,18.0,35.0,99.0
1610612748,201988,32.0,5.0,415.0,0.351,0.276,1.0,9.0,26.0,35.0,34.0,20.0,1.0,16.0,32.0,127.0
1610612748,1630181,8.0,2.0,76.0,0.286,0.125,0.5,2.0,4.0,6.0,8.0,0.0,0.0,3.0,8.0,10.0
1610612748,1626179,61.0,60.0,2040.0,0.443,0.363,0.869,35.0,212.0,247.0,342.0,63.0,21.0,106.0,101.0,1205.0
1610612748,1628418,38.0,4.0,441.0,0.577,0.182,0.872,40.0,101.0,141.0,23.0,10.0,16.0,21.0,46.0,217.0
1610612748,1629639,42.0,40.0,1407.0,0.441,0.396,0.856,19.0,203.0,222.0,188.0,30.0,3.0,93.0,63.0,875.0
1610612749,1631260,56.0,0.0,614.0,0.423,0.408,0.895,9.0,55.0,64.0,30.0,9.0,4.0,12.0,49.0,252.0
1610612749,1641748,57.0,8.0,572.0,0.5,0.37,0.727,43.0,70.0,113.0,50.0,16.0,6.0,28.0,92.0,125.0
1610612749,1626171,82.0,4.0,2008.0,0.508,0.407,0.79,142.0,465.0,607.0,104.0,68.0,34.0,91.0,189.0,1130.0
1610612749,201572,79.0,79.0,2411.0,0.485,0.366,0.821,117.0,292.0,409.0,127.0,43.0,189.0,79.0,191.0,990.0
1610612749,1626166,78.0,10.0,1304.0,0.432,0.39,0.866,21.0,96.0,117.0,205.0,42.0,11.0,66.0,126.0,578.0
1610612749,1641753,21.0,0.0,91.0,0.5,0.2,0.75,3.0,18.0,21.0,5.0,2.0,0.0,5.0,15.0,26.0
1610612749,203081,73.0,73.0,2578.0,0.424,0.354,0.92,36.0,284.0,320.0,508.0,72.0,18.0,193.0,134.0,1775.0
1610612749,201568,49.0,0.0,629.0,0.437,0.323,0.857,20.0,88.0,108.0,55.0,14.0,6.0,23.0,50.0,280.0
1610612749,203507,73.0,73.0,2567.0,0.611,0.274,0.657,196.0,645.0,841.0,476.0,87.0,79.0,250.0,210.0,2222.0
1610612749,203109,50.0,25.0,1156.0,0.422,0.349,0.722,31.0,130.0,161.0,66.0,38.0,9.0,23.0,74.0,312.0
1610612749,203114,55.0,55.0,1487.0,0.493,0.381,0.833,40.0,217.0,257.0,292.0,51.0,15.0,127.0,141.0,828.0
1610612749,1629623,3.0,0.0,8.0,0.4,0.0,1.0,0.0,0.0,0.0,0.0,0.0,0.0,1.0,1.0,6.0
1610612749,1627736,79.0,77.0,2337.0,0.443,0.413,0.714,41.0,249.0,290.0,108.0,59.0,9.0,54.0,158.0,889.0
1610612749,1630699,48.0,1.0,608.0,0.488,0.4,0.679,22.0,77.0,99.0,31.0,13.0,7.0,27.0,54.0,211.0
1610612749,1629716,11.0,2.0,121.0,0.68,0.0,0.75,10.0,24.0,34.0,4.0,3.0,7.0,3.0,10.0,37.0
1610612749,1626192,76.0,3.0,1676.0,0.435,0.345,0.759,51.0,188.0,239.0,161.0,40.0,19.0,49.0,99.0,428.0
1610612749,201976,73.0,13.0,1463.0,0.417,0.337,0.822,49.0,190.0,239.0,212.0,43.0,31.0,65.0,128.0,451.0
1610612749,201577,16.0,2.0,65.0,0.368,0.25,1.0,3.0,2.0,5.0,4.0,1.0,3.0,2.0,7.0,18.0
1610612749,1631157,13.0,0.0,78.0,0.519,0.75,0.765,2.0,11.0,13.0,14.0,10.0,3.0,8.0,8.0,44.0
1610612749,203648,34.0,0.0,155.0,0.533,0.0,0.0,7.0,6.0,13.0,17.0,7.0,4.0,14.0,24.0,32.0
1610612749,1631102,11.0,0.0,56.0,0.3,0.333,0.0,1.0,4.0,5.0,5.0,3.0,0.0,2.0,1.0,14.0
1610612750,1630162,79.0,78.0,2770.0,0.461,0.357,0.836,52.0,378.0,430.0,405.0,101.0,42.0,241.0,141.0,2049.0
1610612750,1630227,15.0,0.0,50.0,0.375,0.353,0.5,1.0,2.0,3.0,6.0,5.0,0.0,5.0,2.0,27.0
1610612750,1630183,72.0,71.0,2105.0,0.489,0.337,0.722,56.0,168.0,224.0,101.0,63.0,42.0,87.0,219.0,757.0
1610612750,1629162,56.0,0.0,626.0,0.483,0.472,0.722,18.0,54.0,72.0,110.0,35.0,7.0,19.0,31.0,195.0
1610612750,1631169,32.0,0.0,91.0,0.472,0.4,0.857,4.0,13.0,17.0,8.0,5.0,5.0,2.0,10.0,50.0
1610612750,1628382,2.0,0.0,1.0,0.0,0.0,0.0,0.0,0.0,0.0,0.0,0.0,0.0,0.0,0.0,0.0
1610612750,1626157,62.0,62.0,2026.0,0.504,0.416,0.873,94.0,421.0,515.0,189.0,43.0,41.0,177.0,204.0,1349.0
1610612750,203937,79.0,10.0,1782.0,0.46,0.229,0.708,60.0,213.0,273.0,331.0,71.0,47.0,91.0,128.0,506.0
1610612750,1631159,17.0,0.0,52.0,0.65,0.4,0.5,5.0,15.0,20.0,8.0,2.0,1.0,1.0,5.0,29.0
1610612750,1630568,25.0,0.0,122.0,0.48,0.281,0.72,19.0,12.0,31.0,4.0,4.0,1.0,6.0,24.0,99.0
1610612750,201144,76.0,76.0,2193.0,0.457,0.442,0.911,37.0,181.0,218.0,449.0,88.0,17.0,102.0,128.0,869.0
1610612750,1628420,33.0,0.0,476.0,0.405,0.386,0.684,7.0,50.0,57.0,69.0,19.0,9.0,7.0,14.0,164.0
1610612750,1629675,81.0,14.0,1964.0,0.477,0.414,0.736,73.0,350.0,423.0,106.0,63.0,73.0,111.0,172.0,1090.0
1610612750,1629638,82.0,20.0,1921.0,0.439,0.391,0.8,35.0,132.0,167.0,204.0,64.0,42.0,76.0,143.0,655.0
1610612750,203497,76.0,76.0,2593.0,0.661,0.0,0.638,285.0,697.0,982.0,102.0,52.0,162.0,118.0,238.0,1061.0
1610612750,1629003,48.0,0.0,581.0,0.405,0.281,0.816,14.0,61.0,75.0,60.0,19.0,6.0,31.0,54.0,216.0
1610612750,203933,11.0,0.0,125.0,0.439,0.154,0.75,5.0,17.0,22.0,9.0,4.0,1.0,4.0,11.0,41.0
1610612750,1628972,59.0,15.0,827.0,0.372,0.333,0.865,25.0,119.0,144.0,60.0,24.0,3.0,30.0,42.0,247.0
1610612750,1631111,25.0,0.0,75.0,0.5,0.0,0.0,0.0,12.0,12.0,6.0,5.0,1.0,4.0,5.0,18.0
1610612740,1627742,64.0,64.0,2103.0,0.492,0.355,0.801,43.0,281.0,324.0,363.0,50.0,40.0,163.0,145.0,1332.0
1610612740,203468,66.0,66.0,2159.0,0.459,0.429,0.827,39.0,247.0,286.0,305.0,62.0,41.0,110.0,126.0,1322.0
1610612740,203469,43.0,0.0,320.0,0.419,0.333,0.605,48.0,64.0,112.0,39.0,9.0,5.0,16.0,45.0,76.0
1610612740,1631220,6.0,0.0,55.0,0.308,0.5,0.833,1.0,6.0,7.0,5.0,2.0,1.0,0.0,4.0,14.0
1610612740,1630700,61.0,16.0,1359.0,0.447,0.311,0.642,62.0,174.0,236.0,164.0,85.0,25.0,59.0,101.0,354.0
1610612740,1630604,8.0,0.0,23.0,0.167,0.0,1.0,0.0,5.0,5.0,1.0,2.0,2.0,2.0,2.0,4.0
1610612740,1630529,76.0,76.0,2321.0,0.498,0.418,0.867,74.0,198.0,272.0,199.0,105.0,62.0,93.0,224.0,837.0
1610612740,1631167,1.0,0.0,3.0,0.4,0.0,0.0,1.0,1.0,2.0,0.0,0.0,0.0,0.0,0.0,4.0
1610612740,1630622,1.0,0.0,3.0,0.0,0.0,0.0,0.0,0.0,0.0,0.0,0.0,0.0,0.0,0.0,0.0
1610612740,1630526,39.0,1.0,334.0,0.474,0.333,0.75,23.0,53.0,76.0,21.0,10.0,4.0,16.0,24.0,115.0
1610612740,202685,82.0,82.0,1925.0,0.559,0.308,0.785,186.0,535.0,721.0,173.0,32.0,68.0,111.0,218.0,1002.0
1610612740,1641722,67.0,10.0,1161.0,0.382,0.366,0.838,29.0,119.0,148.0,70.0,19.0,7.0,40.0,72.0,524.0
1610612740,1630631,56.0,0.0,1028.0,0.412,0.377,0.673,25.0,103.0,128.0,117.0,59.0,15.0,40.0,89.0,397.0
1610612740,1629232,1.0,0.0,7.0,0.0,0.0,0.0,0.0,1.0,1.0,0.0,0.0,0.0,0.0,0.0,0.0
1610612740,1630184,28.0,0.0,264.0,0.37,0.121,0.85,9.0,17.0,26.0,37.0,9.0,2.0,14.0,13.0,89.0
1610612740,1626204,61.0,0.0,1216.0,0.573,0.415,0.77,94.0,213.0,307.0,113.0,61.0,19.0,49.0,98.0,350.0
1610612740,1630346,28.0,1.0,390.0,0.434,0.451,0.929,6.0,34.0,40.0,18.0,6.0,1.0,19.0,32.0,152.0
1610612740,1630230,66.0,1.0,1257.0,0.463,0.387,0.791,53.0,187.0,240.0,128.0,49.0,12.0,65.0,91.0,466.0
1610612740,1630530,57.0,23.0,1690.0,0.443,0.38,0.815,42.0,238.0,280.0,124.0,51.0,28.0,34.0,70.0,842.0
1610612740,1629627,70.0,70.0,2207.0,0.57,0.333,0.702,122.0,284.0,406.0,352.0,77.0,47.0,193.0,159.0,1601.0
1610612752,202692,66.0,1.0,1212.0,0.369,0.376,0.868,24.0,126.0,150.0,88.0,28.0,12.0,48.0,75.0,689.0
1610612752,202711,57.0,27.0,1478.0,0.454,0.398,0.785,22.0,130.0,152.0,97.0,30.0,5.0,101.0,95.0,868.0
1610612752,1629718,8.0,0.0,37.0,0.2,0.286,0.0,1.0,1.0,2.0,0.0,0.0,2.0,2.0,5.0,6.0
1610612752,1629610,17.0,0.0,46.0,0.353,0.2,0.0,0.0,5.0,5.0,5.0,0.0,1.0,3.0,2.0,14.0
1610612752,1631376,2.0,0.0,2.0,0.0,0.0,0.0,0.0,0.0,0.0,0.0,0.0,0.0,0.0,0.0,0.0
1610612752,1628978,81.0,63.0,2360.0,0.443,0.401,0.754,63.0,234.0,297.0,216.0,107.0,36.0,113.0,166.0,1259.0
1610612752,1629685,17.0,0.0,108.0,0.5,0.481,0.0,3.0,13.0,16.0,10.0,2.0,0.0,2.0,6.0,43.0
1610612752,203095,32.0,0.0,580.0,0.357,0.254,0.806,5.0,53.0,58.0,48.0,29.0,7.0,21.0,48.0,220.0
1610612752,1630193,68.0,38.0,1985.0,0.434,0.395,0.853,17.0,242.0,259.0,331.0,50.0,10.0,101.0,119.0,1156.0
1610612752,1628392,75.0,49.0,1896.0,0.644,0.333,0.707,244.0,382.0,626.0,188.0,87.0,85.0,93.0,210.0,582.0
1610612752,1631210,9.0,0.0,38.0,0.556,0.25,1.0,3.0,4.0,7.0,3.0,0.0,1.0,1.0,3.0,13.0
1610612752,1628973,77.0,77.0,2726.0,0.479,0.401,0.847,43.0,235.0,278.0,519.0,70.0,13.0,186.0,144.0,2212.0
1610612752,1630579,45.0,11.0,585.0,0.691,0.0,0.667,56.0,91.0,147.0,25.0,8.0,19.0,16.0,45.0,92.0
1610612752,1628404,81.0,42.0,2707.0,0.434,0.31,0.791,128.0,547.0,675.0,331.0,75.0,23.0,118.0,171.0,761.0
1610612752,203944,46.0,46.0,1630.0,0.472,0.311,0.781,99.0,324.0,423.0,229.0,25.0,12.0,159.0,125.0,1102.0
1610612752,1630201,69.0,0.0,877.0,0.418,0.331,0.732,21.0,93.0,114.0,130.0,38.0,8.0,63.0,66.0,380.0
1610612752,1629603,6.0,0.0,24.0,0.667,0.0,0.667,1.0,3.0,4.0,2.0,1.0,1.0,1.0,2.0,12.0
1610612752,1630540,68.0,14.0,1328.0,0.452,0.41,0.86,31.0,69.0,100.0,114.0,50.0,7.0,30.0,108.0,562.0
1610612752,1629011,31.0,21.0,768.0,0.575,0.0,0.409,142.0,121.0,263.0,18.0,37.0,35.0,25.0,55.0,173.0
1610612752,1628384,50.0,50.0,1702.0,0.489,0.382,0.753,47.0,161.0,208.0,107.0,68.0,36.0,81.0,119.0,733.0
1610612752,1630173,74.0,18.0,1624.0,0.501,0.268,0.616,191.0,296.0,487.0,97.0,46.0,68.0,83.0,143.0,565.0
1610612752,1629656,51.0,18.0,1025.0,0.372,0.338,0.756,15.0,85.0,100.0,66.0,35.0,7.0,28.0,75.0,359.0
1610612752,1629628,58.0,58.0,1838.0,0.495,0.36,0.715,53.0,262.0,315.0,193.0,31.0,22.0,126.0,129.0,1170.0
1610612752,1627853,20.0,0.0,45.0,0.0,0.0,0.0,0.0,8.0,8.0,4.0,2.0,0.0,2.0,5.0,0.0
1610612752,1629003,48.0,0.0,581.0,0.405,0.281,0.816,14.0,61.0,75.0,60.0,19.0,6.0,31.0,54.0,216.0
1610612752,201959,20.0,1.0,204.0,0.405,0.2,1.0,12.0,25.0,37.0,11.0,3.0,7.0,5.0,31.0,34.0
1610612760,1630598,78.0,4.0,1228.0,0.562,0.492,0.789,60.0,126.0,186.0,86.0,56.0,19.0,56.0,91.0,542.0
1610612760,1641745,2.0,0.0,14.0,0.143,0.167,0.0,0.0,0.0,0.0,4.0,0.0,0.0,0.0,0.0,3.0
1610612760,1630197,28.0,0.0,405.0,0.405,0.327,0.732,17.0,72.0,89.0,35.0,15.0,13.0,19.0,22.0,146.0
1610612760,202687,40.0,27.0,791.0,0.565,0.0,0.481,62.0,147.0,209.0,53.0,11.0,37.0,42.0,89.0,174.0
1610612760,1641717,82.0,13.0,1692.0,0.491,0.419,0.784,52.0,135.0,187.0,120.0,76.0,37.0,45.0,129.0,561.0
1610612760,1631096,82.0,82.0,2413.0,0.53,0.37,0.793,129.0,519.0,648.0,200.0,53.0,190.0,131.0,197.0,1357.0
1610612760,202722,43.0,1.0,674.0,0.393,0.38,0.909,9.0,52.0,61.0,35.0,26.0,12.0,18.0,56.0,290.0
1610612760,202330,51.0,28.0,1245.0,0.464,0.411,0.742,38.0,143.0,181.0,158.0,40.0,13.0,66.0,67.0,500.0
1610612760,1630198,78.0,1.0,1445.0,0.458,0.416,0.865,32.0,148.0,180.0,99.0,46.0,22.0,47.0,87.0,636.0
1610612760,1631114,71.0,71.0,2224.0,0.54,0.427,0.814,37.0,245.0,282.0,322.0,80.0,45.0,123.0,175.0,1355.0
1610612760,1631119,69.0,1.0,897.0,0.417,0.368,0.805,36.0,198.0,234.0,110.0,28.0,27.0,34.0,98.0,276.0
1610612760,1630581,80.0,80.0,2012.0,0.475,0.337,0.806,111.0,403.0,514.0,386.0,51.0,44.0,168.0,111.0,986.0
1610612760,1629026,69.0,1.0,1029.0,0.468,0.397,0.5,61.0,148.0,209.0,93.0,38.0,9.0,32.0,101.0,325.0
1610612760,1641749,9.0,0.0,66.0,0.313,0.333,0.0,4.0,6.0,10.0,4.0,1.0,0.0,4.0,5.0,11.0
1610612760,1630322,38.0,0.0,280.0,0.471,0.435,1.0,7.0,33.0,40.0,24.0,5.0,7.0,7.0,23.0,137.0
1610612760,1629652,79.0,79.0,2246.0,0.438,0.394,0.826,74.0,210.0,284.0,113.0,72.0,47.0,74.0,228.0,860.0
1610612760,203488,53.0,6.0,600.0,0.359,0.292,0.68,39.0,86.0,125.0,36.0,9.0,13.0,22.0,52.0,157.0
1610612760,1630846,15.0,0.0,98.0,0.579,0.333,0.667,10.0,26.0,36.0,2.0,0.0,7.0,3.0,18.0,34.0
1610612760,1631172,33.0,0.0,365.0,0.422,0.3,0.875,10.0,41.0,51.0,37.0,8.0,5.0,19.0,22.0,133.0
1610612760,1628983,75.0,75.0,2553.0,0.535,0.353,0.874,65.0,350.0,415.0,465.0,150.0,67.0,162.0,184.0,2254.0
1610612760,1630544,41.0,28.0,987.0,0.459,0.373,0.763,20.0,129.0,149.0,165.0,51.0,3.0,65.0,48.0,382.0
1610612760,203995,60.0,21.0,1176.0,0.43,0.279,0.813,14.0,74.0,88.0,262.0,31.0,7.0,99.0,68.0,422.0
1610612753,1629678,23.0,0.0,84.0,0.385,0.375,0.0,3.0,14.0,17.0,7.0,1.0,0.0,5.0,9.0,26.0
1610612753,1641710,69.0,33.0,1164.0,0.466,0.394,0.613,33.0,106.0,139.0,91.0,35.0,21.0,56.0,110.0,316.0
1610612753,1631216,59.0,13.0,815.0,0.388,0.373,0.808,28.0,56.0,84.0,29.0,15.0,4.0,16.0,61.0,253.0
1610612753,1629643,47.0,8.0,432.0,0.357,0.28,0.571,18.0,62.0,80.0,20.0,9.0,7.0,16.0,19.0,107.0
1610612753,1630175,81.0,0.0,1817.0,0.435,0.338,0.826,64.0,247.0,311.0,236.0,64.0,37.0,126.0,175.0,937.0
1610612753,1630532,72.0,72.0,2337.0,0.482,0.281,0.85,72.0,309.0,381.0,269.0,76.0,28.0,137.0,168.0,1421.0
1610612753,203914,54.0,27.0,1297.0,0.441,0.371,0.756,24.0,67.0,91.0,87.0,49.0,14.0,31.0,91.0,372.0
1610612753,1629048,62.0,33.0,957.0,0.603,0.143,0.655,109.0,177.0,286.0,79.0,32.0,72.0,44.0,107.0,311.0
1610612753,1630591,75.0,75.0,2025.0,0.471,0.397,0.756,48.0,181.0,229.0,205.0,106.0,47.0,132.0,205.0,943.0
1610612753,1641724,18.0,0.0,67.0,0.333,0.28,0.5,1.0,6.0,7.0,6.0,2.0,2.0,3.0,4.0,29.0
1610612753,204060,68.0,0.0,1169.0,0.436,0.435,0.824,18.0,124.0,142.0,203.0,43.0,5.0,67.0,88.0,296.0
1610612753,1628371,58.0,2.0,915.0,0.51,0.375,0.72,73.0,187.0,260.0,30.0,43.0,70.0,27.0,64.0,393.0
1610612753,1630284,2.0,0.0,6.0,0.667,0.0,0.0,0.0,2.0,2.0,1.0,0.0,0.0,1.0,3.0,4.0
1610612753,1628365,43.0,18.0,910.0,0.472,0.222,0.697,56.0,82.0,138.0,120.0,42.0,15.0,50.0,65.0,335.0
1610612753,1629021,80.0,1.0,1415.0,0.601,0.33,0.814,117.0,230.0,347.0,96.0,39.0,21.0,97.0,160.0,868.0
1610612753,1631094,80.0,80.0,2799.0,0.455,0.339,0.725,82.0,472.0,554.0,431.0,71.0,47.0,247.0,153.0,1804.0
1610612753,1630243,14.0,0.0,165.0,0.368,0.176,0.75,3.0,17.0,20.0,18.0,7.0,5.0,7.0,15.0,40.0
1610612753,1628976,55.0,48.0,1406.0,0.525,0.374,0.694,112.0,269.0,381.0,95.0,35.0,28.0,68.0,121.0,603.0
1610612755,1627741,84.0,42.0,2160.0,0.436,0.386,0.881,61.0,208.0,269.0,236.0,70.0,42.0,103.0,169.0,1013.0
1610612755,1626166,78.0,10.0,1304.0,0.432,0.39,0.866,21.0,96.0,117.0,205.0,42.0,11.0,66.0,126.0,578.0
1610612755,1628391,2.0,0.0,15.0,0.667,1.0,0.0,1.0,1.0,2.0,2.0,0.0,2.0,0.0,1.0,10.0
1610612755,201980,2.0,0.0,18.0,0.0,0.0,0.0,0.0,2.0,2.0,1.0,1.0,0.0,0.0,1.0,0.0
1610612755,1627863,34.0,4.0,509.0,0.448,0.3,0.761,16.0,42.0,58.0,28.0,15.0,5.0,19.0,45.0,144.0
1610612755,1629647,9.0,0.0,152.0,0.6,0.25,0.833,8.0,20.0,28.0,7.0,6.0,7.0,8.0,3.0,48.0
1610612755,1629001,38.0,33.0,1023.0,0.386,0.36,0.835,28.0,113.0,141.0,114.0,60.0,16.0,39.0,84.0,421.0
1610612755,1630196,3.0,0.0,9.0,0.5,0.0,0.5,0.0,1.0,1.0,0.0,0.0,0.0,0.0,1.0,3.0
1610612755,1627788,35.0,0.0,300.0,0.395,0.35,0.7,4.0,26.0,30.0,25.0,14.0,3.0,10.0,17.0,88.0
1610612755,1630531,49.0,2.0,507.0,0.399,0.208,0.833,33.0,45.0,78.0,44.0,36.0,15.0,34.0,66.0,163.0
1610612755,1630606,1.0,0.0,1.0,0.0,0.0,0.0,0.0,0.0,0.0,0.0,0.0,0.0,0.0,0.0,0.0
1610612755,1630288,12.0,0.0,142.0,0.556,0.474,0.75,3.0,17.0,20.0,27.0,7.0,1.0,5.0,1.0,52.0
1610612755,203954,39.0,39.0,1309.0,0.529,0.388,0.883,95.0,335.0,430.0,219.0,46.0,66.0,150.0,112.0,1353.0
1610612755,1630231,60.0,2.0,747.0,0.536,0.286,0.537,41.0,90.0,131.0,51.0,22.0,12.0,32.0,100.0,224.0
1610612755,1626162,68.0,52.0,2055.0,0.441,0.311,0.75,94.0,247.0,341.0,101.0,77.0,47.0,87.0,194.0,1049.0
1610612755,1631254,21.0,0.0,198.0,0.462,0.292,0.654,12.0,26.0,38.0,33.0,6.0,5.0,14.0,24.0,96.0
1610612755,200768,60.0,55.0,1690.0,0.432,0.392,0.84,34.0,160.0,194.0,253.0,59.0,21.0,85.0,146.0,487.0
1610612755,202694,49.0,7.0,817.0,0.439,0.403,0.818,23.0,111.0,134.0,36.0,15.0,13.0,30.0,74.0,316.0
1610612755,1628964,57.0,17.0,740.0,0.49,0.391,0.68,77.0,161.0,238.0,41.0,22.0,60.0,39.0,101.0,253.0
1610612755,201587,60.0,38.0,1530.0,0.453,0.395,0.714,70.0,178.0,248.0,128.0,48.0,38.0,40.0,109.0,320.0
1610612755,200782,31.0,10.0,486.0,0.36,0.371,1.0,28.0,57.0,85.0,16.0,16.0,7.0,8.0,54.0,52.0
1610612755,201976,73.0,13.0,1463.0,0.417,0.337,0.822,49.0,190.0,239.0,212.0,43.0,31.0,65.0,128.0,451.0
1610612755,1630194,82.0,24.0,1589.0,0.54,0.368,0.718,193.0,295.0,488.0,109.0,67.0,84.0,67.0,198.0,600.0
1610612755,1641741,32.0,0.0,289.0,0.482,0.375,0.746,14.0,32.0,46.0,16.0,8.0,1.0,5.0,17.0,173.0
1610612755,203496,29.0,6.0,488.0,0.439,0.339,0.846,31.0,66.0,97.0,24.0,39.0,18.0,11.0,56.0,127.0
1610612755,1631173,16.0,0.0,85.0,0.391,0.371,0.6,0.0,4.0,4.0,12.0,8.0,0.0,7.0,8.0,52.0
1610612755,202699,70.0,70.0,2368.0,0.487,0.353,0.878,80.0,373.0,453.0,217.0,70.0,46.0,93.0,115.0,1204.0
1610612755,1630178,70.0,70.0,2626.0,0.45,0.373,0.868,36.0,222.0,258.0,433.0,69.0,33.0,116.0,151.0,1816.0
1610612756,1629626,43.0,0.0,469.0,0.616,0.423,0.789,32.0,105.0,137.0,17.0,10.0,25.0,19.0,42.0,223.0
1610612756,203078,53.0,53.0,1767.0,0.513,0.43,0.813,54.0,178.0,232.0,265.0,52.0,27.0,131.0,127.0,964.0
1610612756,1629002,51.0,12.0,859.0,0.504,0.298,0.906,41.0,153.0,194.0,46.0,43.0,16.0,52.0,71.0,332.0
1610612756,1631223,65.0,13.0,1177.0,0.403,0.293,0.691,53.0,158.0,211.0,80.0,27.0,11.0,57.0,72.0,425.0
1610612756,1626164,68.0,68.0,2447.0,0.492,0.364,0.886,56.0,252.0,308.0,472.0,61.0,28.0,178.0,206.0,1841.0
1610612756,1629234,75.0,6.0,1169.0,0.601,1.0,0.774,103.0,219.0,322.0,63.0,27.0,61.0,61.0,115.0,379.0
1610612756,201569,68.0,24.0,1893.0,0.443,0.378,0.797,16.0,106.0,122.0,139.0,66.0,30.0,73.0,79.0,749.0
1610612756,1628960,75.0,74.0,2513.0,0.499,0.461,0.878,48.0,247.0,295.0,227.0,69.0,45.0,95.0,157.0,1014.0
1610612756,202738,6.0,0.0,19.0,0.3,0.5,0.0,0.0,0.0,0.0,3.0,0.0,0.0,0.0,0.0,8.0
1610612756,1630688,11.0,0.0,62.0,0.292,0.35,1.0,3.0,11.0,14.0,1.0,4.0,1.0,2.0,8.0,23.0
1610612756,1630692,57.0,12.0,1056.0,0.369,0.298,0.746,88.0,165.0,253.0,155.0,48.0,18.0,56.0,76.0,368.0
1610612756,1629006,60.0,11.0,960.0,0.417,0.309,0.745,74.0,80.0,154.0,64.0,48.0,24.0,36.0,68.0,277.0
1610612756,203994,76.0,76.0,2078.0,0.51,0.244,0.64,224.0,613.0,837.0,301.0,81.0,80.0,175.0,254.0,829.0
1610612756,1628966,53.0,8.0,665.0,0.434,0.304,0.762,31.0,79.0,110.0,38.0,25.0,22.0,15.0,35.0,197.0
1610612756,201142,75.0,75.0,2791.0,0.523,0.413,0.856,41.0,454.0,495.0,378.0,69.0,91.0,244.0,133.0,2032.0
1610612756,1629642,45.0,2.0,458.0,0.46,0.3,0.85,14.0,61.0,75.0,21.0,10.0,10.0,14.0,39.0,152.0
1610612756,1626220,79.0,14.0,1954.0,0.397,0.37,0.686,60.0,317.0,377.0,219.0,59.0,44.0,73.0,174.0,608.0
1610612756,1630240,24.0,0.0,185.0,0.364,0.125,0.744,9.0,22.0,31.0,30.0,7.0,3.0,8.0,13.0,71.0
1610612756,201152,33.0,6.0,440.0,0.602,0.143,0.4,46.0,57.0,103.0,57.0,23.0,5.0,15.0,49.0,137.0
1610612756,1630177,17.0,1.0,213.0,0.286,0.167,0.933,4.0,20.0,24.0,28.0,7.0,0.0,18.0,21.0,59.0
1610612756,1628962,16.0,0.0,113.0,0.696,0.0,0.231,11.0,21.0,32.0,3.0,1.0,6.0,4.0,17.0,35.0
1610612756,1629139,34.0,0.0,464.0,0.353,0.294,0.588,11.0,43.0,54.0,15.0,12.0,7.0,19.0,39.0,117.0
1610612757,1629014,46.0,46.0,1582.0,0.43,0.385,0.916,22.0,145.0,167.0,255.0,23.0,5.0,126.0,98.0,1039.0
1610612757,1630204,19.0,1.0,316.0,0.408,0.32,0.824,14.0,31.0,45.0,54.0,11.0,9.0,30.0,40.0,80.0
1610612757,1630625,54.0,9.0,1047.0,0.404,0.296,0.783,41.0,137.0,178.0,127.0,33.0,20.0,77.0,64.0,557.0
1610612757,1629028,55.0,55.0,1783.0,0.57,0.1,0.823,176.0,433.0,609.0,90.0,56.0,42.0,99.0,109.0,920.0
1610612757,1641871,68.0,20.0,1214.0,0.461,0.359,0.742,93.0,157.0,250.0,67.0,33.0,38.0,52.0,161.0,617.0
1610612757,1630641,22.0,1.0,226.0,0.636,0.0,0.5,20.0,31.0,51.0,13.0,3.0,20.0,15.0,46.0,34.0
1610612757,1630688,11.0,0.0,62.0,0.292,0.35,1.0,3.0,11.0,14.0,1.0,4.0,1.0,2.0,8.0,23.0
1610612757,1631133,72.0,23.0,1701.0,0.46,0.295,0.754,151.0,357.0,508.0,71.0,42.0,22.0,66.0,173.0,638.0
1610612757,1631123,9.0,0.0,95.0,0.357,0.111,0.0,3.0,16.0,19.0,11.0,1.0,0.0,9.0,10.0,21.0
1610612757,203924,54.0,54.0,1830.0,0.451,0.402,0.817,37.0,154.0,191.0,152.0,45.0,34.0,116.0,117.0,1132.0
1610612757,1631303,34.0,1.0,381.0,0.297,0.245,0.556,30.0,26.0,56.0,21.0,9.0,10.0,9.0,35.0,61.0
1610612757,1631200,62.0,29.0,1348.0,0.396,0.268,0.661,85.0,139.0,224.0,80.0,53.0,21.0,55.0,92.0,376.0
1610612757,1627763,39.0,25.0,1121.0,0.44,0.412,0.819,28.0,120.0,148.0,214.0,27.0,8.0,60.0,58.0,613.0
1610612757,1629680,65.0,19.0,1487.0,0.397,0.346,0.759,30.0,106.0,136.0,90.0,113.0,49.0,40.0,93.0,354.0
1610612757,1629650,22.0,5.0,200.0,0.508,0.0,0.29,37.0,49.0,86.0,7.0,5.0,7.0,11.0,27.0,75.0
1610612757,1641712,39.0,12.0,633.0,0.335,0.359,0.76,24.0,68.0,92.0,62.0,12.0,3.0,31.0,56.0,155.0
1610612757,1629057,6.0,0.0,119.0,0.654,0.0,0.778,11.0,27.0,38.0,5.0,7.0,7.0,7.0,17.0,41.0
1610612757,1630703,62.0,32.0,1765.0,0.385,0.325,0.819,53.0,141.0,194.0,336.0,48.0,13.0,212.0,195.0,868.0
1610612757,1631101,32.0,25.0,1059.0,0.406,0.333,0.824,42.0,118.0,160.0,94.0,28.0,12.0,72.0,88.0,510.0
1610612757,1630219,38.0,5.0,433.0,0.396,0.296,0.765,10.0,33.0,43.0,85.0,21.0,4.0,20.0,26.0,155.0
1610612757,1631386,4.0,0.0,40.0,0.421,0.143,0.5,4.0,4.0,8.0,5.0,2.0,0.0,3.0,4.0,18.0
1610612757,1641739,70.0,49.0,1739.0,0.45,0.337,0.758,139.0,204.0,343.0,87.0,66.0,33.0,84.0,174.0,527.0
1610612758,203458,48.0,0.0,444.0,0.617,0.0,0.588,46.0,82.0,128.0,50.0,11.0,33.0,27.0,66.0,120.0
1610612758,1630537,59.0,11.0,720.0,0.381,0.346,0.788,26.0,80.0,106.0,44.0,28.0,8.0,26.0,80.0,230.0
1610612758,1641732,30.0,0.0,192.0,0.394,0.091,0.545,17.0,23.0,40.0,20.0,7.0,5.0,10.0,29.0,64.0
1610612758,1630558,72.0,4.0,1101.0,0.452,0.361,0.714,19.0,76.0,95.0,134.0,17.0,3.0,43.0,85.0,379.0
1610612758,1628368,74.0,74.0,2659.0,0.465,0.369,0.738,67.0,273.0,340.0,418.0,150.0,31.0,194.0,193.0,1966.0
1610612758,1627734,82.0,82.0,2928.0,0.594,0.379,0.704,294.0,826.0,1120.0,673.0,74.0,48.0,272.0,250.0,1593.0
1610612758,1630196,3.0,0.0,9.0,0.5,0.0,0.5,0.0,1.0,1.0,0.0,0.0,0.0,0.0,1.0,3.0
1610612758,203084,82.0,82.0,2381.0,0.474,0.387,0.801,67.0,182.0,249.0,99.0,54.0,12.0,58.0,98.0,1000.0
1610612758,201580,46.0,0.0,339.0,0.598,0.143,0.578,42.0,84.0,126.0,17.0,14.0,20.0,34.0,46.0,185.0
1610612758,1641771,12.0,0.0,37.0,0.667,0.0,0.0,1.0,6.0,7.0,2.0,1.0,1.0,2.0,8.0,8.0
1610612758,1630259,6.0,0.0,22.0,0.571,0.667,1.0,0.0,2.0,2.0,2.0,0.0,0.0,1.0,0.0,12.0
1610612758,1629308,11.0,0.0,53.0,0.25,0.25,0.0,4.0,10.0,14.0,4.0,1.0,1.0,2.0,11.0,7.0
1610612758,1631099,77.0,77.0,2589.0,0.454,0.358,0.831,106.0,314.0,420.0,129.0,79.0,59.0,64.0,205.0,1172.0
1610612758,1631165,57.0,21.0,979.0,0.461,0.417,0.743,32.0,92.0,124.0,85.0,51.0,29.0,37.0,112.0,310.0
1610612758,1630556,54.0,0.0,275.0,0.415,0.385,0.556,9.0,33.0,42.0,15.0,10.0,4.0,4.0,26.0,93.0
1610612758,1628989,64.0,59.0,1562.0,0.443,0.361,0.766,38.0,186.0,224.0,166.0,45.0,23.0,53.0,135.0,655.0
1610612758,1628370,72.0,0.0,1872.0,0.443,0.35,0.829,28.0,184.0,212.0,370.0,45.0,39.0,150.0,156.0,1110.0
1610612758,1630222,5.0,0.0,28.0,0.25,0.286,0.5,1.0,4.0,5.0,5.0,1.0,0.0,2.0,3.0,7.0
1610612758,1628426,42.0,0.0,511.0,0.44,0.375,0.8,30.0,66.0,96.0,19.0,20.0,7.0,12.0,42.0,225.0
1610612758,1626168,58.0,0.0,1158.0,0.445,0.384,0.7,61.0,196.0,257.0,72.0,17.0,19.0,38.0,86.0,419.0
1610612759,1631104,61.0,3.0,876.0,0.474,0.218,0.667,18.0,76.0,94.0,166.0,29.0,9.0,55.0,89.0,268.0
1610612759,1626224,72.0,3.0,1269.0,0.479,0.389,0.673,25.0,155.0,180.0,119.0,36.0,11.0,47.0,107.0,489.0
1610612759,1629646,19.0,0.0,205.0,0.725,0.0,0.833,23.0,53.0,76.0,21.0,8.0,17.0,15.0,31.0,63.0
1610612759,1630561,4.0,0.0,51.0,0.556,0.5,1.0,2.0,8.0,10.0,5.0,2.0,0.0,3.0,4.0,26.0
1610612759,1630170,68.0,62.0,2248.0,0.472,0.372,0.801,27.0,234.0,261.0,277.0,73.0,23.0,108.0,74.0,1323.0
1610612759,1628984,23.0,0.0,313.0,0.352,0.301,0.813,5.0,31.0,36.0,49.0,9.0,2.0,17.0,14.0,114.0
1610612759,1631230,33.0,1.0,420.0,0.496,0.333,0.69,45.0,68.0,113.0,36.0,12.0,14.0,9.0,47.0,144.0
1610612759,203926,64.0,0.0,904.0,0.433,0.41,0.579,10.0,49.0,59.0,70.0,16.0,2.0,28.0,64.0,351.0
1610612759,1631123,9.0,0.0,95.0,0.357,0.111,0.0,3.0,16.0,19.0,11.0,1.0,0.0,9.0,10.0,21.0
1610612759,1631110,74.0,73.0,2193.0,0.438,0.308,0.771,137.0,339.0,476.0,249.0,62.0,40.0,140.0,168.0,861.0
1610612759,1630577,74.0,59.0,1468.0,0.408,0.365,0.815,42.0,164.0,206.0,103.0,48.0,42.0,57.0,77.0,504.0
1610612759,1629640,69.0,27.0,2038.0,0.454,0.346,0.792,95.0,282.0,377.0,195.0,51.0,20.0,100.0,149.0,1084.0
1610612759,1631103,75.0,29.0,1594.0,0.432,0.347,0.873,28.0,120.0,148.0,156.0,27.0,8.0,91.0,94.0,690.0
1610612759,1629603,6.0,0.0,24.0,0.667,0.0,0.667,1.0,3.0,4.0,2.0,1.0,1.0,1.0,2.0,12.0
1610612759,1630564,3.0,0.0,39.0,0.588,0.429,0.0,2.0,5.0,7.0,6.0,1.0,1.0,1.0,0.0,23.0
1610612759,1630572,46.0,5.0,451.0,0.471,0.297,0.735,45.0,102.0,147.0,49.0,7.0,12.0,19.0,35.0,190.0
1610612759,1631321,12.0,0.0,141.0,0.485,0.083,0.8,8.0,14.0,22.0,10.0,7.0,3.0,3.0,18.0,45.0
1610612759,1630200,77.0,48.0,2138.0,0.505,0.335,0.856,58.0,231.0,289.0,478.0,78.0,9.0,116.0,92.0,771.0
1610612759,1641705,71.0,71.0,2106.0,0.465,0.325,0.796,161.0,594.0,755.0,274.0,88.0,254.0,260.0,153.0,1522.0
1610612759,1628380,69.0,29.0,1526.0,0.484,0.32,0.753,118.0,252.0,370.0,194.0,34.0,52.0,132.0,206.0,776.0
1610612761,1628971,67.0,44.0,1865.0,0.478,0.323,0.824,53.0,231.0,284.0,192.0,59.0,17.0,86.0,148.0,726.0
1610612761,1628449,50.0,0.0,705.0,0.507,0.33,0.772,62.0,145.0,207.0,23.0,14.0,24.0,28.0,68.0,322.0
1610612761,1630618,4.0,0.0,36.0,0.375,0.25,0.8,2.0,2.0,4.0,3.0,1.0,0.0,1.0,3.0,11.0
1610612761,203471,80.0,58.0,2486.0,0.435,0.375,0.836,39.0,203.0,242.0,488.0,63.0,17.0,153.0,164.0,1122.0
1610612761,202066,27.0,2.0,289.0,0.372,0.3,0.818,18.0,27.0,45.0,28.0,12.0,3.0,14.0,28.0,88.0
1610612761,1629018,71.0,41.0,1994.0,0.426,0.393,0.771,25.0,163.0,188.0,119.0,77.0,10.0,47.0,96.0,974.0
1610612761,1641711,60.0,17.0,1268.0,0.425,0.365,0.863,27.0,105.0,132.0,68.0,34.0,2.0,50.0,87.0,510.0
1610612761,1630193,68.0,38.0,1985.0,0.434,0.395,0.853,17.0,242.0,259.0,331.0,50.0,10.0,101.0,119.0,1156.0
1610612761,1630186,7.0,1.0,121.0,0.439,0.273,0.833,4.0,18.0,22.0,8.0,7.0,0.0,7.0,10.0,47.0
1610612761,1627751,50.0,50.0,1319.0,0.656,0.0,0.551,146.0,283.0,429.0,127.0,35.0,76.0,77.0,149.0,555.0
1610612761,1629667,50.0,1.0,538.0,0.344,0.169,0.73,18.0,61.0,79.0,37.0,19.0,6.0,30.0,52.0,169.0
1610612761,1631241,22.0,6.0,403.0,0.444,0.238,0.917,16.0,54.0,70.0,40.0,10.0,4.0,25.0,28.0,153.0
1610612761,1629007,26.0,5.0,360.0,0.385,0.333,0.833,26.0,56.0,82.0,60.0,20.0,20.0,21.0,35.0,115.0
1610612761,1629670,52.0,1.0,711.0,0.462,0.336,0.83,28.0,121.0,149.0,62.0,26.0,13.0,53.0,48.0,364.0
1610612761,203482,78.0,27.0,1759.0,0.555,0.387,0.833,108.0,303.0,411.0,347.0,74.0,30.0,152.0,230.0,762.0
1610612761,1630184,28.0,0.0,264.0,0.37,0.121,0.85,9.0,17.0,26.0,37.0,9.0,2.0,14.0,13.0,89.0
1610612761,1628424,4.0,0.0,67.0,0.429,0.25,0.0,1.0,6.0,7.0,12.0,6.0,2.0,1.0,5.0,20.0
1610612761,1630201,69.0,0.0,877.0,0.418,0.331,0.732,21.0,93.0,114.0,130.0,38.0,8.0,63.0,66.0,380.0
1610612761,1642013,7.0,2.0,107.0,0.265,0.2,0.0,15.0,23.0,38.0,2.0,3.0,4.0,3.0,15.0,19.0
1610612761,1641806,1.0,0.0,4.0,0.0,0.0,1.0,2.0,0.0,2.0,2.0,1.0,0.0,0.0,0.0,2.0
1610612761,1631338,11.0,0.0,120.0,0.289,0.0,0.444,12.0,11.0,23.0,5.0,3.0,18.0,12.0,15.0,26.0
1610612761,1628384,50.0,50.0,1702.0,0.489,0.382,0.753,47.0,161.0,208.0,107.0,68.0,36.0,81.0,119.0,733.0
1610612761,1630534,78.0,28.0,1642.0,0.411,0.294,0.661,74.0,142.0,216.0,83.0,47.0,44.0,64.0,117.0,455.0
1610612761,203490,15.0,1.0,174.0,0.424,0.348,1.0,6.0,23.0,29.0,8.0,5.0,5.0,2.0,19.0,39.0
1610612761,1627783,80.0,80.0,2658.0,0.536,0.346,0.732,139.0,426.0,565.0,342.0,63.0,25.0,141.0,193.0,1737.0
1610612761,1630173,74.0,18.0,1624.0,0.501,0.268,0.616,191.0,296.0,487.0,97.0,46.0,68.0,83.0,143.0,565.0
1610612761,1629628,58.0,58.0,1838.0,0.495,0.36,0.715,53.0,262.0,315.0,193.0,31.0,22.0,126.0,129.0,1170.0
1610612761,1631199,1.0,0.0,4.0,0.0,0.0,0.0,0.0,0.0,0.0,1.0,0.0,0.0,0.0,2.0,0.0
1610612761,1630567,60.0,60.0,2094.0,0.475,0.341,0.781,141.0,353.0,494.0,363.0,75.0,88.0,165.0,118.0,1191.0
1610612761,201152,33.0,6.0,440.0,0.602,0.143,0.4,46.0,57.0,103.0,57.0,23.0,5.0,15.0,49.0,137.0
1610612762,1641729,32.0,11.0,584.0,0.39,0.296,0.902,16.0,86.0,102.0,55.0,13.0,6.0,47.0,43.0,241.0
1610612762,1629012,78.0,51.0,2075.0,0.487,0.394,0.859,71.0,134.0,205.0,383.0,62.0,18.0,165.0,154.0,1458.0
1610612762,1629647,9.0,0.0,152.0,0.6,0.25,0.833,8.0,20.0,28.0,7.0,6.0,7.0,8.0,3.0,48.0
1610612762,1630554,7.0,0.0,71.0,0.316,0.0,0.0,6.0,11.0,17.0,16.0,2.0,1.0,2.0,3.0,12.0
1610612762,1628381,68.0,66.0,1901.0,0.532,0.371,0.795,157.0,418.0,575.0,77.0,40.0,61.0,98.0,191.0,1027.0
1610612762,1630548,20.0,5.0,372.0,0.464,0.416,0.714,7.0,29.0,36.0,23.0,4.0,2.0,13.0,29.0,144.0
1610612762,203903,55.0,19.0,1682.0,0.413,0.294,0.881,49.0,139.0,188.0,277.0,35.0,6.0,146.0,81.0,942.0
1610612762,203482,78.0,27.0,1759.0,0.555,0.387,0.833,108.0,303.0,411.0,347.0,74.0,30.0,152.0,230.0,762.0
1610612762,1631254,21.0,0.0,198.0,0.462,0.292,0.654,12.0,26.0,38.0,33.0,6.0,5.0,14.0,24.0,96.0
1610612762,1641718,75.0,44.0,2023.0,0.391,0.334,0.848,15.0,196.0,211.0,332.0,36.0,7.0,188.0,91.0,974.0
1610612762,1630184,28.0,0.0,264.0,0.37,0.121,0.85,9.0,17.0,26.0,37.0,9.0,2.0,14.0,13.0,89.0
1610612762,1627739,66.0,32.0,1249.0,0.47,0.369,0.688,50.0,139.0,189.0,254.0,68.0,28.0,79.0,135.0,357.0
1610612762,1628374,55.0,55.0,1820.0,0.48,0.399,0.899,122.0,327.0,449.0,110.0,50.0,26.0,77.0,100.0,1278.0
1610612762,1629677,43.0,7.0,404.0,0.38,0.203,0.786,22.0,80.0,102.0,19.0,5.0,7.0,28.0,32.0,177.0
1610612762,1630695,16.0,0.0,186.0,0.475,0.429,0.75,10.0,33.0,43.0,6.0,4.0,6.0,5.0,14.0,53.0
1610612762,1630534,78.0,28.0,1642.0,0.411,0.294,0.661,74.0,142.0,216.0,83.0,47.0,44.0,64.0,117.0,455.0
1610612762,1630209,48.0,12.0,545.0,0.538,0.208,0.679,72.0,136.0,208.0,29.0,8.0,18.0,37.0,52.0,222.0
1610612762,1631323,66.0,43.0,1644.0,0.46,0.401,0.818,64.0,182.0,246.0,101.0,44.0,23.0,68.0,110.0,692.0
1610612762,1629659,51.0,11.0,1009.0,0.396,0.33,0.807,21.0,100.0,121.0,177.0,45.0,19.0,65.0,94.0,516.0
1610612762,1641707,40.0,23.0,856.0,0.45,0.379,0.793,46.0,139.0,185.0,32.0,28.0,30.0,27.0,77.0,292.0
1610612762,1631117,64.0,22.0,1493.0,0.654,0.211,0.602,165.0,316.0,481.0,60.0,30.0,154.0,66.0,132.0,518.0
1610612764,1630264,50.0,3.0,466.0,0.469,0.244,0.806,37.0,57.0,94.0,34.0,13.0,11.0,23.0,48.0,189.0
1610612764,1641731,63.0,15.0,1715.0,0.435,0.346,0.702,56.0,200.0,256.0,110.0,57.0,48.0,87.0,137.0,532.0
1610612764,1630557,80.0,22.0,2067.0,0.486,0.383,0.726,30.0,195.0,225.0,156.0,41.0,16.0,98.0,141.0,1070.0
1610612764,1629655,74.0,66.0,1814.0,0.725,0.0,0.674,195.0,367.0,562.0,115.0,65.0,153.0,74.0,227.0,814.0
1610612764,201568,49.0,0.0,629.0,0.437,0.323,0.857,20.0,88.0,108.0,55.0,14.0,6.0,23.0,50.0,280.0
1610612764,1626153,47.0,1.0,742.0,0.394,0.368,0.822,19.0,67.0,86.0,119.0,54.0,11.0,14.0,32.0,210.0
1610612764,1630166,75.0,75.0,2257.0,0.506,0.374,0.74,84.0,456.0,540.0,286.0,60.0,36.0,160.0,185.0,1102.0
1610612764,1630647,43.0,0.0,393.0,0.485,0.283,0.653,35.0,50.0,85.0,35.0,27.0,5.0,21.0,62.0,207.0
1610612764,1628977,2.0,0.0,5.0,0.5,0.0,0.0,2.0,0.0,2.0,1.0,2.0,0.0,1.0,1.0,2.0
1610612764,1630215,40.0,0.0,566.0,0.488,0.308,0.861,9.0,49.0,58.0,126.0,29.0,8.0,50.0,58.0,251.0
1610612764,1631098,50.0,6.0,614.0,0.403,0.35,0.583,18.0,54.0,72.0,32.0,18.0,10.0,13.0,57.0,152.0
1610612764,1629673,78.0,66.0,2346.0,0.413,0.326,0.877,32.0,180.0,212.0,343.0,86.0,25.0,188.0,244.0,1356.0
1610612764,1631262,19.0,0.0,149.0,0.453,0.379,0.556,10.0,16.0,26.0,16.0,3.0,1.0,8.0,14.0,74.0
1610612764,1630551,15.0,1.0,235.0,0.41,0.289,0.8,19.0,34.0,53.0,19.0,10.0,9.0,10.0,14.0,89.0
1610612764,1628398,70.0,70.0,2281.0,0.463,0.336,0.775,62.0,402.0,464.0,296.0,37.0,49.0,192.0,153.0,1553.0
1610612764,1629013,46.0,5.0,727.0,0.431,0.338,0.826,16.0,46.0,62.0,54.0,25.0,10.0,30.0,76.0,327.0
1610612764,1628963,50.0,25.0,1053.0,0.586,0.391,0.762,130.0,182.0,312.0,55.0,20.0,33.0,59.0,81.0,583.0
1610612764,203488,53.0,6.0,600.0,0.359,0.292,0.68,39.0,86.0,125.0,36.0,9.0,13.0,22.0,52.0,157.0
1610612764,1631116,38.0,7.0,494.0,0.381,0.32,0.679,17.0,106.0,123.0,29.0,18.0,15.0,19.0,56.0,168.0
1610612764,1626158,40.0,10.0,554.0,0.558,0.333,0.723,71.0,111.0,182.0,25.0,11.0,19.0,24.0,74.0,199.0
1610612764,1631157,13.0,0.0,78.0,0.519,0.75,0.765,2.0,11.0,13.0,14.0,10.0,3.0,8.0,8.0,44.0
1610612764,1641998,25.0,14.0,574.0,0.551,0.0,0.84,64.0,70.0,134.0,27.0,12.0,28.0,34.0,69.0,171.0
1610612764,1641774,10.0,4.0,153.0,0.433,0.278,0.773,6.0,30.0,36.0,13.0,5.0,7.0,10.0,28.0,85.0
1610612764,1626145,66.0,66.0,1933.0,0.489,0.414,0.8,20.0,159.0,179.0,485.0,71.0,18.0,66.0,48.0,790.0
